Gig Name,Character Length
"DOLE NIGHT w/ W.O.M.B.A.T and The Antics.",41
"Kick On Residency w/ Skiptons + Pink Lady + Smoking Caterpillar",63
"THE OLD BAR KARAOKE. HOSTED BY DRAG KING SILVIO DI BACI w. DJ CYBER BULLY",73
"The Mark Fitzgibbon Trio   ",27
"Grace Petrie (UK)",17
"Tinkle",6
"The Sweet Souls (Front Bar)",27
"Lotte Gallagher",15
"The Whitlams (Love This City 25 Years)",38
"Anne's Lace (Single Launch)",27
"Noah and The Coldmen TAKE single launch",39
"Beka - Back Catalogue BOWIE, Intimate & Acoustic",48
"Kebabwaffles",12
"Nafe Smallz",11
"Jamie Hay w/ Hanny J + Josh Newman",34
"Ahhh! Real Monsters of Melbourne - Night #2",43
"THURSDAYS WITH THE RAILWAY GANG",31
"Scott Tinkler Standards Quartet!",32
"Alma Zygier",11
"The Scott Tinkler Standards Quartet! w/ Sam Keevers, Sam Anning and Dave Beck",77
"NoTurns w/ Erica Avenue + Lonely River +Dante C.Z",49
"ANGLERR + MIDNIGHT VIOLET",25
"Blow",4
"Mankind ""Home Away From Home"" Tour w/Human Intrusion & Ze Wisenhemier",69
"Standing Circle (live)",22
"Rave Culture x Astra",20
"Fishermans Friends + Cantrips",29
"Acoustic Act",12
"Asanti Beats",12
"Pub Drag W/ Missy La Minx & Special Guests",42
"Night of X Music and Other Things",33
"Hot Girl Dance Party",20
"GUSH 'The Stars Seem Closer Than You Are' RELEASE TOUR (VIC) W/ SPOUSE + ES MUSS SEIN",85
"Large Mirage With Ramona Sky and The Halves",43
"The Fox Soundtrack",18
"b420 Presents: Dampiera",23
"Honeymoon Phase",15
"3-2-1",5
"Esse & Nylstoch + Stina Tester",30
"Quiet Blue presents ‘A Million Miles’ Album Launch @ The Gaso (upstairs)",72
"GEM FEST",8
"GHOSTSMOKER at The Old Bar",26
"The Whitlams (Love This City 25 Years)",38
"Lets Get Shitwrecked!!",22
"The Stephen Magnusson Trio",26
"heartbreaker",12
"Spire & Midnight Odyssey, with special guests Petrol",52
"'The Spring Tour' ft. Drastic Park",34
"Blood of a Pomegranate, Caustic Grip, Sulphur Garden + Worthless Scum",69
"Birds Are Spies ‘Spin’ Single Launch",36
"Love Sensation",14
"Laura Norda KITTY Single Launch with Racoo and Al Matcott (solo)",64
"Smoking Vinyl (Front Bar)",25
"The Rookies",11
"SL*T POP RAVE ",14
"Salarymen – Day By Day EP Tour",30
"Mikey Goodfellow",16
"Karate Boogaloo & The Pro-Teens live at The Night Cat",53
"DJ",2
"CLASSIX - Fridays",17
"Groove Alliance",15
"Luma Kova (Stingrays Upstairs + Proponent Records)",50
"Disco Jungle Day Party",22
"FREE ENTRY ARVO SHOW w/ RJ ANDREW + SEAN SIMMONS + TAMMY HAIDER",63
"GEM FEST",8
"Acoustic Music",14
"DJ Relaxative + Meadow Soprano",30
"The Coward Man Experience (Melbourne Fringe Festival)",53
"The Fox Soundtrack",18
"Fax Machine",11
"SOLAR WAX E.P. LAUNCH W/ Soulutations & Jazzy Faith",51
"Shadow Tussle EP Launch With special guests INX XIRA and LIAM WATTS",67
"19368 Days Birthday",19
"MAGPIE CHARITY FUNDRAISER",25
"Peak Park - Daylight Single Launch",34
"MACKENZY MACKAY",15
"The Whitlams (Love This City 25 Years)",38
"The Dale Barlow Quartet!",24
"Gun Laws with Low Monroe and The Fugitives",42
"SHOVE - Album launch",20
"Coolabah Kings: ""Green Leopards"" Single Launch",46
"The Dale Barlow Quartet special guest Mat Jodrell",49
"ENDLESS CREATIVE PRESENTS F2F",29
"Tillerman Pete (EP Launch)",26
"Owelu Dreamhouse - Africa Baba single launch",44
"Girls Night Out! Vena Cava @ Bad Decisions Bar",46
"The Dale Barlow Quartet!",24
"Mankind (TAS) w/ Remit + Town Ace",33
"BOB LOG IS BACK FROM THE U.S !!!",32
"Eat The Beat",12
"Prayerbabies: where dreams are made of",38
"Saturday Night DJ",17
"B2B Sophie Olivia Goodestboialive",33
"Honky Tonk",10
"Saturday Night DJ",17
"Glamorama Saturdays - Gratts b2b Donald's House",47
"Resident DJ - Saturday",22
"Resident DJ",11
"DJ",2
"LAUNDRY ~ Saturdays",19
"Midnight Circuitry / Synaptic Dreams (Front Bar)",48
"Ones,Mike Gurrieri,Kgomotso",27
"DJ (Rooftop)",12
"Cosmic Psychos",14
"Habibi Hafla",12
" The Melbourne Blues Collective ",32
"'9 TO 5 - TEAM BUILDING NIGHT' - WORKSHOP & MOVIE NIGHT",55
"Stingo Blues",12
"NEARER+EVERYBODY HATES ME LAUNCH",32
"Sunshine Tip",12
"Danimal",7
"Fans of the People",18
"The Whitlams (Love This City 25 Years)",38
"Vinted Vineer - Tobi Yume Album Tour",36
"Black Jesus Experience",22
"Domingo Latino - El Bembe Orchestra",35
"Rimmy Grasa - Live at Bad Decisions",35
"Gypsy Company",13
"The Thing From Spring (live)",28
"NIEUW MONDAYS",13
"FREE ENTRY MORBID MONDAYS: OCEAN LORD + SPACEJUNK",49
"Barracouta",10
"Make It Up Club",15
"BOADZ",5
"Afro Space Jazz Industry",24
"The Outernet",12
"FREE ENTRY OLD BAR KARAOKE",26
"The Mark Fitzgibbon Trio   ",27
"Kick On Residency w/ MILKSICK + Crushed Lavender + Chloe Booth",62
"Ari Davis",9
"Afro Space Jazz Industry",24
"The Outernet",12
"FREE ENTRY OLD BAR KARAOKE",26
"Kick On Residency w/ MILKSICK + Crushed Lavender + Chloe Booth",62
"The Mark Fitzgibbon Trio   ",27
"Ari Davis",9
"An Evening of poetry & music with TREV CIMENSKI",47
"Tinkle",6
"Surfriders Present School Disco",31
"For Swings Sake (Front Bar)",27
"Rakhi's",7
"Nobody No Spirit Halloween X EP Launch",38
"Grevillea Hedge - ‘Radicalism’ single launch with Detsi and Kelsey Jean and The Bad Health",90
"JULIUS + Special Guests",23
"NSG Australia Tour 2024",23
"Phil Franklin of The Mint, Electric Self, Esse & The Brave New Sounds",69
"The Seven Ups - EP Launch",25
"GENTLES + GUN LAWS + ANOTHER ROTTING CORPSE",43
"Laneous and Friends",19
"THURSDAYS WITH THE RAILWAY GANG",31
"RICKY ALBECK",12
"Matt Steele Quartet",19
"Breaking Sound Melbourne",24
"Blow",4
"Robots In Love with Ze Wisenheimer and Low Monroe & The Fugitives",65
"Renée Spijker with Connor Black-Harry",37
"Jack Milligan",13
"Acoustic Act",12
"Long Distance ft: Suki, Activator, Miki, Vertigo (WA)",53
"The Four Scoops (Front Bar)",27
"Large Mirage With Starcrazy + Dj Centipede & The Earthworms",59
"The Fox Soundtrack",18
"Polish Club – The Heavy Weight Heart Album Tour",47
"Asanti Beats",12
"Holly Hebe ‘Ruby’ EP Tour",25
"smartcasual | 'Child Of Yesterday' TOUR",39
"SUGARGUM + CHARLOTTE BRIDIE + THE FOAMS",39
"3-2-1",5
"Casual Healing hits Naarm",25
"Lance Fergusson's THE SHACKMEN",30
"Seas of Titan",13
"Coldwave East Coast Tour",24
"The Cavemen + Loose Lips",24
"Seas of Titan, Distorted Trauma, Skiwhiz",40
"'9 To 5 - TGIF CLOSING PARTY'",29
"ChAMBER LANe ""Stop Over Thinking It"" Ep Release with Mailey & Pet Therapy",73
"Middle Management LET'S GO Single Launch with Pepper La Floyd and Yes More Witch",80
"HYPERDOG (EU) w/Stray Dogs 2 Good Homes & Licetrays",51
"Smoking Vinyl (Front Bar)",25
"Broadway Bangers Live",21
"Cass Aware w/ Berkeley + B-Sides",32
"Dr. Colossus Destroy the Tote!",30
"Dennis",6
"The Rookies",11
"Gooply's Scoop",14
"ECHO SOCIAL CLUB",16
"DJ",2
"TRASH Indie Sleaze and Party bangers, FRI OCT 11",48
"Sisyphus",8
"Woody Samson",12
"CLASSIX - Fridays",17
"Damien Mack",11
"Interval - Scruz (UK) + DJ Optimism",35
"GUTS Party – Melbourne",22
"The Tote Record Fair!",21
"PLANTA + RAIZ",13
"Convict Class - ""Generation of Discontent"" Album Launch",55
"FREE ENTRY ARVO SHOW w/ SWEATSHOP + TEENS",41
"Raised As Wolves + Amends",25
"Acoustic Music",14
" RUBSPRINGA: A CELEBRATION OF SPRING AND FEMMES GONE WILD ",58
"Acoustic solo",13
"Thread",6
"Shotgun Mistress - Kings Of The Revolution Tour",47
"The Fox Soundtrack",18
"Among The Restless",18
"Baba Noir",9
"Among The Restless with special guests Vermont and Fiasco.",58
"Spici Water National Tour // Melbourne",38
"Kylie Auldist",13
"Rhapsody of Fire",16
"alt. Conversations That Hurt Release Shows | Melbourne",54
"Empress ""Solace"" Single Launch ft. Lani Zimmer",46
"The Mat Jodrell Quartet",23
"Don West",8
"Hyperdog (AUSTRIA) + Metdog",27
"NEGATIVE GEARS, MORALISER LP Launch w/ RED HELL, PROMAJA, ARMOUR",64
"FLYWIRE + POPE DINGO - Launch + BEC JEAN + FINN KIRBY",53
"Big Moist and the Smoking Durries With Floss and Mer/Lo",55
"Frostbite (Single Launch) w/ Scowls + Social Afterparty",55
"Resident DJ - Saturday",22
"Saturday Night DJ",17
"Yung Maynie - Peace of Mine EP Release Party",44
"DJ",2
"Resident DJ",11
"Goldie Luxe",11
"Honky Tonk",10
"The Amigos",10
"BANANAGUN",9
"Yung Maynie | Peace of Mine EP Release Party",44
"HH & Sax Gawn",13
"Lewy C",6
"Night of Power - Power Ballad Night",35
"Midnight Circuitry / Synaptic Dreams (Front Bar)",48
"Victor Simonelli - New York's Finest",36
"Cong Josie Moto Zone AFTER PARTY - Upstairs @ The Tote",54
"DJ (Rooftop)",12
"Sun Sound Sunday Sesh",21
"Sunday Arvo at The Tote with The Spit. Support from The Nation Two and Peach Psyche.....Free Entry!!",100
"SESH with Mitch & Xena",22
"Rhys Thompson",13
"SUNDAY SESSIONS WITH greg champion’s montmorency moonlight ramblers",67
"Collard Greens and Gravy",24
"**FREE ENTRY** CRAIG WOODWARD TRIO LIVE AT THE CATFISH",54
"Stingo Blues",12
"Marcel Borrack's Telecaster Diaries",35
"King Canoe",10
"The Civilians",13
"Black Jesus Experience",22
"Domingo Latino - La 45",22
"Arborists & Friends burn down the Tote's upstairs bar",53
"Alice and the Slags",19
"40th PARALLEL + INTERMOOD + PRIVATE MOUNTAIN",44
"Kiwat Kennell",13
"RAH and Tashasan",16
"Lewis Toms",10
"NIEUW MONDAYS",13
"FREE ENTRY MORBID MONDAYS w/ ANNA BORTIONIST + YOUR MOTHER'S DISGUSTING WINDOW",78
"THE OLD BAR GALLERY PRESENTS: SELF LOVE IS UNATTAINABLE - JEMIMA LONGWORTH EXHIBITION w/ CIAN BENNET + INDYANA",110
"Great Gable 'Small Fry' Album Release Party (Free Entry)",56
"Define This",11
"Make It Up Club",15
"Xander",6
"Sonic Boxing",12
"DOLE NIGHT W/ SNAKE POWDER + THE NATION TWO",43
"Kick On Residency w/ Terra Rouge + Pet Therapy + A Stationary Frame",67
"Adrianna Miranda + Harrison Knight",34
"Afrospace Jazz Industry",23
"FREE ENTRY KARAOKE",18
"The Mark Fitzgibbon Trio",24
"Glen Wee",8
"Sonic Boxing",12
"DOLE NIGHT W/ SNAKE POWDER + THE NATION TWO",43
"Kick On Residency w/ Terra Rouge + Pet Therapy + A Stationary Frame",67
"FREE ENTRY KARAOKE",18
"Adrianna Miranda + Harrison Knight",34
"The Mark Fitzgibbon Trio",24
"Afrospace Jazz Industry",23
"Glen Wee",8
"Laneous and Friends",19
"Acclivous Quartet (Front Bar)",29
"Tinkle",6
"Moon Elevator (EP Launch)",25
"Zevon Lee ‘Single Launch’",25
"Genevieve Fullerton",19
"ROBOTS IN LOVE (NZ) + PALLIATIVE + ME IN A DREAM",48
"LOVE POLICE PRESENT - ROSE CITY BAND - Plus Foggy Notion",56
"FRINGE 2024: Headwater",22
"The 1980s w/ Chloe Booth & The Pet Rocks",40
"Matt Steele Quartet",19
"Blow",4
"Lara Villani ‘Fire’ Single Launch with Guard and Mo•Louie",57
"FITZRHYME",9
"THURSDAYS WITH THE RAILWAY GANG",31
"marigolden",10
"James Ellis & the Jealous Guys-  Honkytonk ",43
"Mukul Jiwnani",13
"The Gillmans",12
"Acoustic Act",12
"Sisyphus",8
"Standing Circle (Front Bar)",27
"A Nightmare On Kent Street",26
"Large Mirage With Neon Goblin & The Groundswell",47
"Asanti Beats",12
"KOYO (USA) Live in Australia - Melbourne",40
"Sim Select",10
"THE LONESOMES 'Locket' East Coast Tour: Melbourne",49
"The Mavis's",11
"The Fox Soundtrack: Re_Image",28
"Nick Ward - House With The Blue Door Tour | with special guests Juice Webster + *FRIDAY",87
"3-2-1",5
"EDEN presents BLOOD RAVE II",27
"SCUD - Launch + SPIRIT LEVEL + CLIT SPLIT",41
"Real Good Company 'Covered Volume II'",37
"The Sam Keevers Trio!",21
"Matilda Pearl 'MR COOL GUY' Single Launch",41
"FORTAY, NTER & RIBBY247 - MELBOURNE",35
"Ego Dystonic",12
"Dusk2Dawn and Gift Exchange (SYD)",33
"The Antics EP Launch with Silicone Prairie and The Dilemmas + Rack Off DJs",74
"Great Falls + Sore Eyes",23
"Pretty In Pink + Powerful Owl",29
"Bentham's Head (Album Launch)",29
"BARKAA BIG TIDDA TOUR",21
"OVRNIIGHT (Single Launch) w/ Sidetracked + Arjae",48
"Smoking Vinyl (Front Bar)",25
"Patrick Wilson",14
"The Rookies",11
"Lou Rose",8
"DJ",2
"Lewis Toms",10
"Nomar Jr",8
"Disco Mediterranea",18
"Baby One More Time... 25 Year Anniversary Party - Melbourne",59
"HOWLING MOUNTAIN LIVE AT THE CATFISH",36
"Matinee: The Regnans",20
"Dungeon Ft Ricky Nord & Lex",27
"MUSKA (live) 20th Anniversary",29
"Orstralia Book Launch",21
"The Pinstripes + Tali & The Arms",32
"Acoustic Music",14
"Aeons Abyss",11
"Amaru Tribe",11
"Acopia",6
"The Fox Soundtrack: Blaberunner & Pennoir",41
"Freud & the Family Solution Vinyl Launch With The Spoof Maggots & Mercy Please",78
"Little Murders 'Under the Northern Lights'",42
"SIM - ‘FRACTURES’ EP LAUNCH",27
"Cøsmix Nothing Stays Aus Tour With special guests: Moonwood and Dinosaur Alan",77
"THE MUSIC OF ENNIO MORRICONE & THE SPAGHETTI WEST | Performed by THE COUNTERFEIT ft. Freya Josephine Hollick",108
"THE CURRENCY W/ THE CHILLI PICKERS + JULES SHELDON & THE BOUNDARY RIDERS",72
"BLACK JESUS PRESENTS: A savage night of death/grind carnage!",60
"Curlers + Eileen Grace",22
"The Swells 'Throwaway Spirits' Album Launch",43
"The Craig Fermanis Trio",23
"OSCAR THE WILD + PRETTY BLEAK + EAGLEMONT",41
"Stew Mag x The Pinny Presents… Caustic Grip, Emerald Woods, Budgie and Klunt",76
"3% - ""KILL THE DEAD TOUR"" ALBUM TOUR",36
"Boot Sequence feat. SHIV-R",26
"Alisya Rae 'If He Wanted To' Single Launch (Debut Headline Show)",64
"Namboku Records presents LO-FI IMPROV",37
"Gut Health – Stiletto Album Launch",34
"A Silverchair Night - Neon Ballroom 25 Years",44
"Twitch DJs | Trancemission | 19.10.24 @ Laundry Bar",51
"Honky Tonk",10
"Sophie Olivia",13
"Saturday Night DJ",17
"K HOLE KARAOKE",14
"DJ",2
"Quagmire Book Launch featuring Quest Master (NSW) / Tir (NSW) / Lurid Orb (QLD)",79
"Downsyde - The Kings Are Back! National Tour - Melbourne",56
"Resident DJ - Saturday",22
"Resident DJ",11
"Lewis C",7
"Moonchild Sanelly",17
"Gerry Murphy",12
"Organised Noise",15
"Midnight Circuitry / Synaptic Dreams (Front Bar)",48
"DJ (Rooftop)",12
"D.C. Maxwell w/ Everyday Believer",33
"The Punters",11
"FREE ENTRY ARVO SHOW w/ THE PECADILLOES + JULES SHELDON",55
"Hannah Kate + Red Herring + The Mirrors",39
"Primer Worldwide pres. Will Hofbauer",36
"SUNDAY SESSIONS WITH MOONEE VALLEY DRIFTERS",43
"RM Murphy + Norwood",19
"Conqueror Root ",15
"JAMES ELLIS & TANYA LEE",23
"Stingo Blues",12
"King Canoe",10
"B2B SophieOlivia Tenderlena",27
"Suzie So Blue",13
"Elizabeth mm with Follow the Robin and Nancy",44
"THE STRAIGHT SHOOTERS: LIVE AT THE GASO",39
"Black Jesus Experience",22
"Bad Decisions Comedy",20
"Domingo Latino - Sazón",22
"Galiba Patina Radio",19
"Sly Greyhounds",14
"Airline Food 'The Deal' National Tour - The Tote Upstairs MELBOURNE/NAARM",73
"LAVA LAKES + PRETTY GOOD SOFA + SEAN SULLY",42
"Astral High - ‘The Way You Make Me Feel’ Single Launch",54
"Boadz",5
"NIEUW MONDAYS",13
"FREE ENTRY MORBID MONDAYS w/ ABSURD COSMOS LATE NITE + PORPOISE TORTURE",71
"Make It Up Club",15
"NOAKESY + KARA SIMS",19
"Mya & Nathan",12
"Hair Metal Party -DJ Thin Lizzy",31
"THE OLD BAR GALLERY PRESENTS ART MAKING WORKSHOP",48
"Big Halloween Blowout - Collarts ""The Portal"" Fundraiser",56
"Skegss - Pacific Highway Music Release Week Shows SOLD OUT",58
"Afro Space Jazz Industry",24
"Kick On Residency w/ Left At The Avenue + Frostbite + The Outfits",65
"Australasian Computer Music Conference - Late Night Concert (Front Bar)",71
"The Mark Fitzgibbon Trio",24
"FREE ENTRY OLD BAR KARAOKE",26
"Woody Samson",12
"THE OLD BAR GALLERY PRESENTS ART MAKING WORKSHOP",48
"Big Halloween Blowout - Collarts ""The Portal"" Fundraiser",56
"Skegss - Pacific Highway Music Release Week Shows SOLD OUT",58
"Kick On Residency w/ Left At The Avenue + Frostbite + The Outfits",65
"The Mark Fitzgibbon Trio",24
"Afro Space Jazz Industry",24
"Australasian Computer Music Conference - Late Night Concert (Front Bar)",71
"FREE ENTRY OLD BAR KARAOKE",26
"Woody Samson",12
"Blood Harvest at Nighthawks",27
"Steamboat Whistlers (Front Bar)",31
"Tinkle",6
"The King's Poet",15
"Leopard Print Aunt",18
"""The Ghost Train"" presented by TITRATION and friends",52
"Kieran Wallace & The Calli Boys",31
"Achey Peace Live at The Tote!… plus Spial & The Gurr",52
"JACK CANNON + GROUP A + GROUP B",31
"Blow",4
"Australasian Computer Music Conference - Late Night Concert",59
"Laneous and Friends",19
"Monty Schnier Sextet",20
"THURSDAYS WITH THE RAILWAY GANG",31
"Halo of Smoke - Enter the Void with Kimboclat",45
"King Arthur: Honkytonk Heartache",32
"Jack Milligan",13
"W.O.M.B.A.T & 6v6s",18
"Standing Circle",15
"Acoustic Act",12
"The Four Scoops (Front Bar)",27
"Large Mirage With Dopplerhaus & Echo Social Club",48
"Noah Dillon – Soft Tour",23
"ROWDY'S RAGER: ANNIHILATION TIME (USA) & FRIENDS",48
"Asanti Beats",12
"Luke Columbo",12
"3-2-1",5
"The Opals - Childhood Cancer Fundraiser Show",44
"Lucky Punks (Singles Launch)",28
"Psycho Sequinz",14
"LUCY WILSON + JEN BUXTON + BEC STEVENS",38
"The Eugene Ball Standards Quartet!",34
"GANGSING",8
"Tallulah Grace + Angela Lane",28
"Carpal Tunnel",13
"Umlaut with Andy Burns and Spürts",33
"Day One",7
"A Disco Fiasco w/ Cinco Savage",30
"Vogil Bonze (JPN) + Remit",25
"The Dark Eighties Cult 80s Hits Dance Party present HALLOWEEN at The Fitzroy Pinnacle",85
"Smoking Vinyl (Front Bar)",25
"Cap Carter",10
"Sheer Chance w/ Pepper La Floyd + Flower Field Folly",52
"Dean Chapman",12
"FADS: Queer Rave",16
"FASCINATION80s - Synthpop/NewWave/Alternative",45
"DJ",2
"Hell Yeah Chicago with Tong",27
"The Rookies",11
"Teenage Dream 2010’s Pop Party! ",32
"Tejo D'Cruz",11
"CLASSIX - Fridays",17
"FRESCO :: Lixxtrado, Amin Payne, Daphne",39
"Paul Sedrak",11
"Interval Fridays",16
"MILLY STRANGE & ADORED",22
"SADDLE UP! Country Night",24
"Stuckey",7
"KEN SHING 'HESITATIONS' LAUNCH LIVE @ THE CATFISH",49
"Soul Lounge",11
"The Evelyn Market",17
"Matinee: The Connection Revue",29
"Lex Monfreaq",12
"Go Go Toboggan and Idle Flowers",31
"Big Farmer farewell & 'Tally Ho' single launch + Gavin!",55
"Glamorama Saturday XXL",22
"THE OLD BAR FEVER WEEKENDER DAY 1",33
"Sweetie & Friends",17
"Dark Glove",10
"Hallo-WEENED 2024",17
"Cookin' On 3 Burners & The Punters",34
"Wasted Years + Big Pants + TILE + Elkie Kershaw - Almost Halloween! (UPSTAIRS)",78
"The Casanovas w/ special guests The Raging Hormones",51
"VOXNEON",7
"PHOENIX STREET - THE HILL SINGLE LAUNCH w/ Toadstool, Goodwin & Erica Avenue",76
"All Hope Remains 'Find my Way' Album launch",43
"Songs The Detroit Cobras Taught Us",34
"Julien Wilson's ""One Flight Up"" Quartet",39
"Frenzal Rhomb ('A Man's Not A Camel' 25th Anniversary Tour)",59
"Semantics (Album Tour)",22
"MAMMON'S THRONE & RELIGIOUS OBSERVANCE JAPAN TOUR SEND OFF",58
"Another Rotting Corpse  LP launch with Mongrel and Crushed Lavender",67
"Resident DJ - Saturday",22
"Saturday Night DJ",17
"SATURDAY NIGHT PARTY AT YAH’S (till 5AM)",40
"DJ",2
"Djboyoliver",11
"Hissuae & Guests Live at Sugar Glider",37
"SLOW GRIND FEVER #106 - EXTRA SPOOKY EDITION! (*9pm, *CASH ONLY*)",65
"DJ NOIZ (THE REMIX KING) | Live in Melbourne",44
"Lewis C",7
"Gerry Murphy",12
"HOUSE OF CHEESE",15
"Taking Back Saturday: Halloween - Melbourne",43
"Cookin' On 3 Burners",20
"Music For Ears",14
"Ones",4
"DJ (Rooftop)",12
"The Masons 'There Goes the Train' Single Launch",47
"Daggy Mamas Disco 2.0",21
"VOGLI BONZE (Jpn/ from BUDDHADATTA) Free show, THE TOTE Front Bar, Sun 27th October w/ COLD REGARDS",99
"'TINYFEST: HALLOWEEN' ft. Sheep",31
"OLD BAR FEVER WEEKENDER DAY 2:  DOLLS + BAREFOOT BOWLS CLUB + CARPAL TUNNEL + GOLD COAST LEATHERS + CLIT SPLIT",110
"The Punters",11
"SESH with Mitch & Xena",22
"sunday sessions with Mike Rudd & George Butrumlis",49
"TIN STARS",9
"**FREE ENTRY** QUEENS OF THE WEST LIVE AT THE CATFISH",53
"Jules and The Redeemers ",24
"Amarillo + Acid Arrow",21
"CLUB CUPID Pres. HEAVEN & HELL. (Feat. Haus of Ralph, House Mum, Mon Franco, Final Girl & Robert Baxter)",104
"Stingo Blues",12
"King Canoe",10
"Sxc_witch666",12
"Elly McK & The Unbelievers",26
"Joyce Prescher",14
"Forklift Assassins with The Deadbeats, In The Esky and Caifein",62
"Dirty Rats, SOME",16
"Soul Of Fitzroy ft. Northside Records",37
"Hannah and the Heartstrings",27
"Black Jesus Experience",22
"Domingo Latino - La Influencia",30
"Breaking Sound: Rachel Pinto, Rainie Zenith, Fliney, kash and Paint for Walls.",78
"SUNDAY COMEDOWN",15
"HH & Sax Gawn",13
"Holy Moses Heartache",20
"Connections",11
"DNB Mondays Halloween Special",29
"NIEUW MONDAYS",13
"FREE ENTRY MORBID MONDAYS w/ VAN DIEMAN (TAS) + RAWTISM + EMPEROR MOTH",70
"Paul Williamson's Hammond Combo",31
"Make It Up Club",15
"DOLE NIGHT W/ CONTACT SPORT + CHASING PLANES.",45
"'Exam-avanza' ft. Takoda Meadow",31
"Displaced Records: Soft Launch @ Nighthawks",43
"The Clark Tracey Quartet (UK)",29
"Kick On Residency w/ Pepper La Floyd + Berkeley + The Rosaries",62
"Afro Space Jazz Industry",24
"FREE ENTRY OLD BAR KARAOKE",26
"Displaced Records: Soft Launch @ Nighthawks",43
"DOLE NIGHT W/ CONTACT SPORT + CHASING PLANES.",45
"'Exam-avanza' ft. Takoda Meadow",31
"Kick On Residency w/ Pepper La Floyd + Berkeley + The Rosaries",62
"The Clark Tracey Quartet (UK)",29
"Afro Space Jazz Industry",24
"FREE ENTRY OLD BAR KARAOKE",26
"Skabhangers (Front Bar)",23
"Tinkle",6
"Boot Sequence Presents Attrition Special Halloween Show.",56
"HALLOWEEN ART SHOW  w/ LOS CHICOS (SPAIN)",41
"BERYLS HALLOWEEN PAGEANT",24
"Leah Senior Band + Talk Show and Ruth Parker",44
"Mae Mobly (Halloween Single Launch)",35
"BOO!-Gaze Fest Halloween at Nighthawks!",39
"Halloween Havoc At The Gaso",27
"Goatzilla, X Calibre, Distorta, Manic Temple",44
"A Spooky Ahh Night With Munted Chunts",37
"Lord Apex",9
"THURSDAYS WITH THE RAILWAY GANG",31
"Laneous and Friends",19
"GUTZIG // Gutless Covering The Misfits + Danzig",47
"The Phil Noy Trio!",18
"Halloween at The Gem w/ Hearts & Rockets + The Person + Party Pest + DJ Brontesaurus Sex",88
"Blow",4
"Andy Fillmore (EP Launch) w/ Fennec + Sara Jane",47
"6v6s Spooky Set",15
"King Arthur: Honkytonk",22
"Acoustic Act",12
"Dom Italiano",12
"Three Base Hit (Front Bar)",26
"COFFIN SPINNERS - HALLOWEEN AT LULIE",36
"Canisha 'Save You From Yourself' Single Release feat. Pirritu and Chelsea Elder",79
"November Sounds",15
"PUSH THE TRIGGER with DOG IN THE DUMP TRUCK",43
"Aardvark: Hellraiser Fundraiser",31
"Punko x HailU takeover the Grace Darling",40
"3-2-1",5
"SCORPIO RISING III: GUTZIG + BECCY & THE VAMPS + PROBOSCIS + LATE NIGHT KARAOKE",79
"Society of Beggars, Superdiver & Tile. (FREE SHOW)",50
"It Thing ""Spirit Level"" EP Launch with Bitumen and Kitchen People",65
"Katie May and The Mystics + J. Taylor Bell & The Ding Dongs",59
"Forro Night",11
"Bloo: an Indie Rock Charity Event",33
"Hard-Ons 40th Anniversary Australian Tour - Melbourne",53
"Fenn Wilson and the Weather,Maggie Alley",40
"Creature Fear",13
"The Dave Beck Quartet",21
"Fur Blossom – Witcher Single Launch (Halloween Havoc)",53
"Smoking Vinyl (Front Bar)",25
"Albi & The Wolves (NZ) w/ Ally Row",34
"EMEREE 'Gold' Tour",18
"James Reyne",11
"Midnight Driver | with Edd Fisher & Emelyne",43
"Sin City + Foggy Notion + Wild Dog Mountains - Halloween Show",61
"HELLIONS",8
"DJ",2
"LAUNDRY HALLOWEEN",17
"A VERY HORSEGROUP HALLOWEEN",27
" RITMO LATINO",13
"The Tote Record Fair!",21
"Matinee: Software Update (Album Launch)",39
"Blue Sabbath + Jungle Jim Smith",31
"FREE ENTRY ARVO SHOW: MATT MALONE & THE HOLY SPIRITS + THE UNDERMINERS",70
"Club Elevate Selects",20
"Room 25 Single Launch",21
"01.EKKA 'IRON GARDEN' Performed Live, Featuring MOG.Y, MAMMOTH & Eric Spice, KELLY GANG, and More",97
"Outer Worlds - DEMARCATION EP Launch",36
"01.EKKA 'IRON GARDEN' Performed Live, Ft MOG.Y, MAMMOTH & Eric Spice",68
"Tropical Fuck Storm w/ The Judges",33
"Quality Used Cars + Foley!",26
"BAD MEDICINE: Medical Worker's HOSPITALity Night w/ Live Band Karaoke",69
"WOBBYGONG + THE ALIVE EAST + BAD NEWS GOSPEL + BIG PANTS",56
"Baby Blue and Anna (Moody Beaches)",34
"The Yachtski Brothers",21
"Cosmonaut Album Launch",22
"Mac The Knife - Golden Single Tour",34
" The Brett Williams Trio",24
"HALLOWEEN HUMAN HARVEST w/ Furious George + I Choose Violence + Deadweight 80 + Endless Grey + Pendle Hill",106
"UNI/VS 'A Chosen Death' Australian Tour 2024 | Melbourne | 18+",62
"The Colliflowers 'Ordinary People' Tour",39
"James Reyne",11
"Zeitgeist Freedom Energy Exchange | with special guests Finn Irregular and Laani",80
"Saturday Night DJ",17
"Astrofuzz (album launch) with Select All and Drenched",53
"Resident DJ - Saturday",22
"DJ",2
"FLAVOUR",7
"ALL HALLOW'S EVE AT BAD DECISIONS",33
"Midnight Circuitry / Synaptic Dreams (Front Bar)",48
"Ramona Sky 'Hypnotise' Single Launch",36
"DJ (Rooftop)",12
"Models + Boom Crash Opera (matinee)",35
"Matinee: 'Falastin Fundraiser' ft. Tumi the Be",46
"Kxx & Harriet Wraith",20
"The Prize w/ Dumb Punts & Gnome",31
"CONFIDE Queer Summer Sunday Series ☼ Vol. 5 – Simona, NAYNAY + more",67
"Zzzahara (USA) with Lucy Lamb",29
"ARVO SHOW w/ CURLY & THE FRINGE + BOOGIE ROCKAFELLA",51
"No Sleep Til Texas + Ben Mastwyk & The Energy",45
"The Melbourne Blues Collective ",31
"Tennyson King",13
"FREE ENTRY ARVO SHOW: CURLY & THE FRINGE + BOOGIE ROCKAFELLA",60
"Stingo Blues",12
"APATE – “THE BLACK NOISE TOUR”",30
"Black Jesus Experience",22
"Bad Decisions Comedy",20
"Domingo Latino - Calle Luna",27
"Cass Aware “November” Single Launch W Jaded State & Anne’s Lace.",64
"GIANT",5
"Chaperone vs Melbourne with The Valiants and Select All",55
"Whiskey Hawk (Debut Show)",25
"Dream Evil (SWE) Perform Dragonslayer",37
"PLEASE PUT ME OUT OF MY MISERY",30
"UNDERTOE + SANDS",16
"** FREE EVENT ** NORTHERN SHINERS",33
"Pretty Snazz At The Gem - Cup Day",33
"DNB Mondays CUP EVE",19
"Warehouse3000 pres. Anthony Pappa",33
"Amalia 'I Swear It Was Love' SINGLE LAUNCH",42
"The Cure album launch listening party",37
"NIEUW MONDAYS",13
"Bob Log III - Cup Eve - Party at Persa with special guests The Hybernators, Maquina Peligrosa and W.O.M.B.A.T...",112
"NU Techno x Samantha Loveridge",30
"Shut The Cup Up",15
"MACH PELICAN + LOS CHICOS (ES) + HUMAN TOYS (FR)",48
"the country & western ramblers - Cup eve (honky tonk monday special!)",69
"MORBID MONDAYS PUBLIC HOLIDAY EVE EDITION: GRIM RHYTHM + FLY! + SQUAMATA",72
"Honky Tonk Tuesdays",19
"Dream Evil (SWE)",16
"Cup Eve at Punters with The Pretty Littles",42
"Drunk Mums w/ Checkpoint and The Antics",39
"James Reyne",11
"Sweat Charli XCX + Troye Sivan (cup eve)",40
"LAURA KING: NOVEMBER PUBLIC HOLIDAY EVE!",40
"Things of Stone & Wood",22
"Pretty Snazz At The Gem - Cup Day",33
"'Cup Day Chaos II' ft. Hidden Intent",36
"Make It Up Club",15
"DOLE NIGHT with STUPID FUCK THE SILLY CLOWN + EBI NORI & THE PHANTOM FINGERS",76
"PRISON AFFAIR (SPAIN) + BUGHUNT + CLIT SPLIT + PUBLIC FIGURES",61
"The James Sherlock Trio",23
"Afro Space Jazz Industry",24
"Anna Morley",11
"DOLE NIGHT with STUPID FUCK THE SILLY CLOWN + EBI NORI & THE PHANTOM FINGERS",76
"PRISON AFFAIR (SPAIN) + BUGHUNT + CLIT SPLIT + PUBLIC FIGURES",61
"Afro Space Jazz Industry",24
"The James Sherlock Trio",23
"Anna Morley",11
"Jai Continuous Flow",19
"For Swings Sake (Front Bar)",27
"Tinkle: Drag Karaoke",20
"'Supply x Carpet Company Launch' ft. Posseshot",46
"DYNASTY + Lucky Max & Rare Phenomenon",37
"‘Slo To Go’ - ‘Crush’ single launch with ‘SAND’ + ‘Reality Never Dies’",70
"BÉTON ARMÉ (MTL) & FAZE (MTL) w/ Split System and Cantona",57
"Salmonella Dub SoundSystem (NZ)",31
"HUGO VAN BUUREN - launch + SANDY HSU + POLJE NIEUK",50
"THURSDAYS WITH THE RAILWAY GANG",31
"MAKE A SCENE EP. 11",19
"Staff After Party in Naarm Vol1",31
"tiffi - cold medicine tour",26
"The OWLS",8
"Jimmy Brown - The ‘love II’ Australia Tour | Melbourne",54
"The Matt Hoyne Quintet",22
"Minimum Wage w/ COOLDAD + Chloe Booth",37
"Blow",4
"Loose Content",13
"King Arthur: Sweet Honkytonk Honey",34
"Acoustic Act",12
"Honkygronk Let Them Eat Lead",28
"Trent Jaanz",11
"Sista Sara Rooftop DJ",21
"The Four Scoops (Front Bar)",27
"November Sounds",15
"5 years of ISU TAKI ft. La Payara [COL] & TYGUA [SYD]",53
"Maina Doe ODIWAMS Tour",22
"Sienna Skies ""The Hardest Part"" Tour",36
"3-2-1",5
"ALEX THE ASTRONAUT  + Guests",28
"The Mark Fitzgibbon Trio",24
"Journey Of Sound pres. Kevin di Serna (AR) - Melbourne",54
"Asanti Beats",12
"Eils & The Drip + Headspin",26
"The Last Martyr - Requiem EP Launch",35
"The Toot Toot Toots Ride Again (SOLD OUT)",41
"Fawkner, Once Were Lost & Bitch Eyes",36
"Liquid Architecture presents: Mun Sing (UK), Cutting Room, Sylvia, crwlr + more",79
"Pat Todd and The Rankoutsiders (USA) + Blowers, Poppin Mommas",61
"DECENNIAL DELIRATION at The Tote",32
"CLUB RIOT FT. EGOISM (SYD)",26
"Fenn Wilson + The Weather W Chitra",34
"CHIMERS - Launch + BENCH PRESS + NOHOPER",40
"Smoking Vinyl (Front Bar)",25
"Quivers (Oyster Cuts Album Launch)",34
"Sugartone (Single Launch) w/ Scares + Shakespeare",49
"DJ",2
"LILBUBBLEGUM AUSTRALIAN TOUR | Melbourne",40
"Jimmy the Saint & the Sinners",29
"Willis Anne",11
"Hook N' Sling! Greasy Soul Dance Party",38
"HABIBI'S HOUSE - DJ HABIBEATS",29
"MARC W/ GOOEY DROP + CULACCINO",30
"TITTY TWISTER",13
"Still Out Of Order Fest 2",25
"Big League w/ Tim Steward",25
"FREE ENTRY ARVO SHOW: YEEVS + PURRERS",37
"Tjum Tjumba Presents: Braj - ‘Overbored’ Single Release",55
"K.Walsh & The Podium Babies (album launch) + Tali & The Arms + Hogwash + Sweet Nothing",86
"Nice Girl",9
"Sweetie and Friends (Vinyl DJs)",31
"Ant Eye Comedy (Gold Coin Donation)",35
"Acoustic solo",13
"November Sounds",15
"Relax With Max",14
"M1llionz Australia Tour 2024",28
"Dunn D 'Anthems - Burn City' Launch",35
"ROMEO WORLD TOUR",16
"HOUSE OF LIGHT + S:BAHN + WINTERNATIONALE + FIELD MONUMENTS",59
"The Paul Williamson Quartet plays the music of Theloniouas Monk",63
"EYEZ & GRIM STICKERS - The Link Up Tour | Melbourne",51
"BODY MUSIC",10
"Kurilpa Reach 'Keep Falling' Tour - Melbourne",45
"Little Guilt “Little Tour”",26
"Mirror Clippers ""Funeral"" single launch",39
"Ghost Mutt (QLD) w/ Papperbok + Gregory",39
"Unwound (USA)",13
"LEROY MACQUEEN",14
"Saturday Night DJ",17
"The Amigos",10
"BLUE MOON RAVE 1.0",18
"Resident DJ",11
"DJ",2
"Upstairs at the Rochey",22
"CALL ME MAYBE: 2000s + 2010s Party ",35
"Midnight Circuitry / Synaptic Dreams (Front Bar)",48
"Ski Mask The Slump God - Unofficial Afterparty",46
"DJ (Rooftop)",12
"Aaliyah Salem",13
"The Punters Trad New Orleans Jazz",33
"Los Dominados & The Interceptors in The Tote Front Bar",54
"FREE ENTRY ARVO SHOW: RUNNERS & THE YOUNG + GHOSTS ON THE HIGHWAY",65
"The Distant South",17
"**FREE ENTRY** CRAIG WOODWARD TRIO LIVE AT THE CATFISH",54
"JJ McCann & the Transmission",28
"SUNDAY SESSIONS WITH YOLANA INGLEY II BAND",42
"Stingo Blues",12
"Jess Sneddon and Alexmak",24
"Return to the Gaso",18
"KXX, Teira Stuart and Pullover",30
"Sime Nugent & The Capes",23
"The Hoodoo Men",14
"Soul of Fitzroy Vinyl DJ",24
"Amelia Adler with Tenderise and Jasmijn Woods",45
"Having a Yap",12
"A Stationary Frame 'Mischievous Deceased' Single Launch w/ My Safe Word Is Murder, De Porsal, and Sweatshop",107
"TEDDIE - ""Lightspeed"" launch party",34
"Black Jesus Experience",22
"Bad Decisions Comedy",20
"The Chilli Pickers (Front Bar)",30
"Domingo Latino - Quarter Street",31
"Oliver Zeyad: First Headline Show",33
"AND THEN THEY RUN",17
"GOOD CALL",9
"NIEUW MONDAYS",13
"MORBID MONDAYS: UNDERGANG (Denmark) + DOUBLED OVER",50
"Monday Buffet ft. Isabella Furtuna & Mia Marcelle",49
"DNB Mondays-Pulse Audio Takeover",32
"Acoustic Music",14
"THE OLD BAR GALLERY PRESENTS: FLAGRANT DYKERY - CJ STARC + SOPHIE SHINGLES",74
"Make It Up Club",15
"Seb Szabo & Special Guests (12/11)",34
"THE COUNTRY & WESTERN RAMBLERS",30
"Dole Night with Select All + Finn Kirby",39
"BASHKA w/ DJ Discotecadéliador + ElfT on Decks",46
"Jaubi & Tenderlonious | Fully Seated & In The Round! SOLD OUT",61
"The James Sherlock Trio",23
"Afro Space Jazz Industry",24
"FREE ENTRY OLD BAR KARAOKE",26
"Dole Night with Select All + Finn Kirby",39
"Afro Space Jazz Industry",24
"The James Sherlock Trio",23
"Jaubi & Tenderlonious | Fully Seated & In The Round! SOLD OUT",61
"BASHKA w/ DJ Discotecadéliador + ElfT on Decks",46
"FREE ENTRY OLD BAR KARAOKE",26
"Acid Chess Club (Casual Night)",30
"Tinkle: Drag Karaoke",20
"The Sweet Souls (Front Bar)",27
"JEFF ROSENSTOCK (SOLO) LAST MIN SHOW @ THE TOTEEEEE!!!",54
"Go Getters Vol 5",16
"Maeve Grieve - Debut EP Launch",30
"Little Shogun - Great Rock!",27
"Jamie the Scorpio Dance of the Evil",35
"Duncan Graham and The Way In",28
"Children Collide",16
"SUPERTART + CRASH_08 + QUEEN HYENA",34
"Blow",4
"Breaking Sound Melbourne",24
"The Hetty Kate Quartet feat The Mark Fitzgibbon Trio",52
"KOKOKO!",7
"THURSDAYS WITH THE RAILWAY GANG",31
"Fatdog and the Tits (QLD) with Black Dog Cat Band and The Coffins",65
"BAREFOOT SPACEMEN",17
"Honkytonk",9
"KOKOKO! (DR Congo) | Live at Punters Club",41
"Jack Milligan",13
"Shalini, Smooker",16
"Brett Wood",10
"Acoustic Act",12
"DJ Beenak | Punters Rooftop Sessions",36
"Acclivous Quartet (Front Bar)",29
"Cardamon B and Kylie MinD",25
"November Sounds",15
"Zombeaches - End of Year Show!",30
"Live Music",10
"DUSTHEAD",8
"3-2-1",5
"Ra Ra Viper “Big Speak” Aus Tour",32
"Asanti Beats",12
"Sleepazoid RWTD Single Launch",29
"Beckah Amani – LOVE YOU LIKE A SUPERSTAR TOUR",45
"Horsepower 'A Tear or Two: The Tour' w/ Mindrace + Skorn + Seven Hells + Implode",80
"Jacob Fitzgerald & The Electric City Boston Avenue EP Tour | Melbourne",70
"Arabella & The Heist + Psychobabel",34
"THE BRAKES - launch + PROGRAM + THE ANTICS",42
"Upstairs//Downstairs Pres: Toma Kami (FR) + Yushh (UK)",54
"Fenn Wilson + The Weather W Kisses",34
"Bukowski w/ Grass Stains & Silk Village",39
"A Fundraiser For Kaiborg ft. Dumb Punts, Drunk Mums, Elvis II + Solder",70
"Twitch DJs | Groove House | 15.11.24 @ Laundry Bar",50
"Prophetic Justice Ministry Vol.1 Album Release with LST and Destiny T.T",71
"Smoking Vinyl (Front Bar)",25
"Natasha Bianca 'SHE - THE TOUR'",31
"The VANNS - Acoustic & Intimate",31
"TRVE KVLT - HEAVY & HARDCORE",28
"Lune Ranger w/ Alison Parade + Pepper La Floyd",46
"Merryn Jeann",12
"Catholic Guilt",14
"Eat The Beat & Thick As Thieves : TOWNSHIP REBELLION",52
"DJ",2
"DJ Relaxative",13
"Lewis C",7
"Tenderlonious (UK) & Horatio Luna | Live at Punters Club",56
"Avneet Basra",12
"Reasons To Be Cheerful: Mayurashka (JPN) b2b Lauren Hansom & Babycino b2b Finding Figaro",88
"SIGNS OF CHANGE W/ AFTERGLOOM & FLOWER FIELD FOLLY",50
"The Andrea Keller Transients Trio",33
"Fax Machine | Live at Punters Club",34
"Verbrasco presents ""Melbourne District Music Awards""",52
"Full Goon ft Keggin, Rattleback, The Pingers & more!",52
"R.U.B. (Single launch) + Serpette",33
"Mousse Cannon//Filthy McNasty's//A Stationary Frame @ the Tote (front bar) Matinee Manticore Monster",100
"FREE ENTRY ARVO SHOW: GRAND BAXTER + ALISTER TURRIL",51
"Midnight Tenderness,DJ Luv You",30
"Sweetie & Friends & Danny Lisati | DJ sessions",46
"Acoustic solo",13
"November Sounds",15
"Katharine Wournos",17
"Melquíades (DJ) Free!",21
"GIRL AND GIRL + SQUARE + SPURTS",31
"Rocket Science with Maggie Pills, Brown Spirits & Gravel Samwidge",65
"Live Music",10
"Painters and Dockers - THE BOY WHO LOST HIS JOCKS - 40 Years On!",64
"Harakiri For The Sky (AUT) + AUSTERE",36
"Civic Video",11
"Radar - Live at The Gaso",24
"Fruit Tones (UK) with Ouzo! and Kitchen People",46
"Club Country - New Wave Dance Party!",36
"LUNATIC 'Incredible' Album Launch",33
"Wild Dog Mountains (single launch) + Bin Night Bandits",54
"aleksiah – You’re Never Getting Rid Of Me",41
"Arbes Debut Album 'Counterways' Launch",38
"Ollie Shute Afro-Cuban Septet",29
"4hr Parking (Single Launch)",27
"Titus O'Reily - 'Sport: The Unauthorised History'",49
"Zach Byrne 'Inner Dialogue' Album Release Show",46
"SoSo 'The Greatest Hits (And Misses)' Tour ft. Down And Out - Melbourne",71
"Shunya Sessions",15
"Saturday Night DJ",17
"Eat The Beat : Connect ft. RORY MARSHALL (3h Set)",49
"Sophie Olivia",13
"DJ",2
"Resident DJ",11
"The Amigos",10
"Lewis Toms",10
"Nomad JR",8
"Know Your Product - Disco Not Disco x The Saints Afterparty",59
"3065 PARTYGIRL with DIRTY VERSACHI",34
"Midnight Circuitry / Synaptic Dreams (Front Bar)",48
"FRED AGAIN X DOM DOLLA X TIESTO | Best Of Night",47
"POST MALONE PARTY",17
"DJ (Rooftop)",12
"The Punters | Every Sunday at Punters Club",42
"FREE ENTRY ARVO SHOW: THE REMOTES + 90BPM",41
"Hot Tubs Time Machine + Tamara and the Dreams(Solo)",51
"SUNDAY SESSIONS WITH THE HAPPY FEW",34
"Rod Paine and the Full Time Lovers",34
"Cash Williams & Nic Malouf with Naomi Oakley",44
"Fruit Tones (UK) with special guests",36
"Yacht Rock Revival",18
"Stingo Blues",12
"Fundraiser for Support Act",26
"Mastaneh and Evariste",21
"Jess Sneddon and Alexmak",24
"Kit Genesis - 'Romanticism' EP Launch presented by Hunger Digital",65
"Quatroformaggio",15
"The Shifties",12
"Hamish Bloom + Inkling (solo) and Lucy Harrington",49
"Soul Of Fitzroy ft. Northside Records | ON THE ROOFTOP",54
"Black Jesus Experience",22
"Bad Decisions Comedy",20
"Mar y Mar (Front Bar)",21
"Domingo Latino - El Bembe Orchestra",35
"Original Alt-Rock Fest! Charlie and the Enablers, B-SIDES, and Emma Yue at The Gaso",83
"Heists Terminal Unrest Release Tour | Melbourne",47
"Glam x bubble pres. dr dubplate",31
"Marro Younan (Album Launch)",27
"Glam x Bubble pres. Dr Dubplate (UK)",36
"Anna Ransom (Tides Tour)",24
"RageInSaturn Pt. 1",18
"PHASE WANDERER + THE MODS + PRIVATE MOUNTAIN",44
"HH & Sax Gawn",13
"DNB Mondays Domain & Manaki Takeover",36
"NIEUW MONDAYS",13
"OUR WEEKENDS END ON MONDAYS | with The Great Divides + GAVIN!",61
"FREE ENTRY MORBID MONDAYS: BUSHFIRE MOON + BLUT UND LARM",56
"Best of the West Fest",21
"Eye of The Bholder Upstairs @ The Tote",38
"Make It Up Club",15
"Seb Szabo & Special Guests (19/11)",34
"Sunny Daze",10
"DOLE NIGHT @ THE TOTE - THE MONGRELS & SISYPHUS",47
"The James Sherlock Trio",23
"snug. w/ RACH + Love From",25
"Afro Space Jazz Industry",24
"FREE ENTRY OLD BAR KARAOKE",26
"The rookies - Jazz",18
"Mukul Jiwnani",13
"DOLE NIGHT @ THE TOTE - THE MONGRELS & SISYPHUS",47
"The James Sherlock Trio",23
"snug. w/ RACH + Love From",25
"Afro Space Jazz Industry",24
"FREE ENTRY OLD BAR KARAOKE",26
"Mukul Jiwnani",13
"The rookies - Jazz",18
"Tinkle: Drag Karaoke",20
"Steamboat Whistlers (Front Bar)",31
"Live to Ground Showcase",23
"Taj Ralph EP Release: FREE!",27
"ALZZY (Single Launch)",21
"FINN WATSON-HOOK AT THE TOTE HOTEL with special guests Terra Rouge and The Satts!",81
"Mercedes Sosa Experience | Australia Tour 2024",46
"THURSDAYS WITH THE RAILWAY GANG",31
"Will Larsen Presents",20
"Lovely Lonely Landfill rock the Tote! with: Omela & Chelsea Elder",65
"GREESY | BAD LITTLE BASTARD ALBUM TOUR",38
"Dynasty",7
"GOOD MUSIC PRESENTS: REAL SLEAZE w/ LIPSTEREO + THE HEART SHAPED ACES + THE VALIANTS",84
"Oliné (Single Launch) w/ Inanna Indigo + Sammy Murphy",53
"Blow",4
"The Abby Constable Quartet",26
"Blue Sabbath",12
"Xander",6
"ANDY GOLLEDGE",13
"OG",2
"Honkytonk",9
"Dom Italiano",12
"Acoustic Act",12
"DJ 3rd Orbit | Punters Rooftop Sessions",39
"Sex On Toast 'Pegasus Tour'",27
"Benjamin Attiche Trio (Front Bar)",33
"King's Vengeance: ""Mystery"" Single Launch with Cherry Octane & HZED.",68
"November Sounds",15
"Peter and The Test Tube Babies (UK) Australian Tour",51
"Live Music",10
"KING",4
"SKIPTONS 'YOU' SINGLE LAUNCH",28
"TIGER - 'DIAMOND RING' SINGLE LAUNCH",36
"3-2-1",5
"Mystery Shopper + Secret Special Guest!!",40
"Nice Biscuit - SOS Album Tour",29
"Mike Costeloe/Hikurangi Schaverien-Kaa Quartet (NZ)",51
"Grimwoods last show of 2024, with supports from Clit Split and Anglerr",70
"Asanti Beats",12
"STOKAHR + BRADILY + DIACETYL + MARKU + VESHAWN",46
"Le Shiv - Melbourne, (un)adored EP Tour",39
"The Golden Gaytimes (SYD) + Party Pest",38
"Smoking Vinyl (Front Bar)",25
"Neil Junior w/ Neo Sky Collective + Broden Tyrrell",50
"Wasteman Watering Weeds double single launch at the Fitzroy Pinnacle",68
"Tom Ellis Live On Stage",23
"DJ",2
"Mixed Up Everything + Select All + Sledgehammer Honey (UPSTAIRS)",64
"NOORIYAH PRES. THE MIDDLE OF EVERYWHERE",39
"Woody Samson",12
"LOST FILES 003",14
"DJ Saatana Lee Rose",19
"FREE TECHNO - The Melbourne TECHNO Collective turns 22",54
"Matinee: The 1980s",18
"Drano Hotshots, Crank Williams and Patsy Decline + Citrus Fuzz",62
"Lucid Dreams",12
"FREE ENTRY ARVO SHOW: THE RELAYS + FORKLIFT ASSASSINS",53
"General Goods + Kayo Roses Flying Circus",40
"Honeypot Mini-Fest feat. Sunday Honey, Marvell, Franjapan, Berkeley + more",74
"Sweetie & Friends + DJ Steely Ann | DJ sessions",47
"Acoustic solo",13
"November Sounds",15
"ALWAYS LIVE AT Persa Celebrating the Tibi Agency 1st Birthday",61
"ITH x Glamorama present DJ Q (UK)",33
"Live Music",10
"Dreamworm",9
"The Rubber Soul Reunion",23
"Donny Benét Intimate Desires",28
"Loose Content + Ouzo and The Halves",35
"Outsider ‘Surrounded By The Ashes Of Others’ Launch | Melbourne",63
"FANCY WEAPON + GARGOYLE + THE MAN FROM ATLANTIS",47
"Wild Dog Mountains (single launch) + Bin Night Bandits",54
"The Mat Jodrell Quartet",23
"POISON RUIN, BODY MAINTENANCE, VAMPIRE, PHANTASM, ARMOUR",56
"CINTA x Ella Haber: Double Headline Tour",40
"New Delica, James Mcq & Felix Leuning live at the Bendigo Hotel (Upstairs)",74
"Lewis C",7
"Finn Alexander and The Forever Party (WA) with Sweet Nothing",60
"The Slims with Hey Spriro! and Special Guests",45
"Howard Eynon",12
"MR. INDUSTRY w/ Swapmeet (SA), Local The Neighbour @ The Tote Upstairs",70
"The Mat Jodrell Quartet",23
"Supervibe w/ Tom Riccioni + Special Guests",42
"LUX TREVIS",10
"Electric Mary",13
"Saturday Night DJ",17
"Eat The Beat : Elevate ft. Sammy La Marca",41
"DJ",2
"FREQUES 23/11",13
"Resident DJ - Saturday",22
"The Amigos",10
"DJ Damien Mack",14
"Kuniyuki",8
"Jerry | Live at Punters Club",28
"Midnight Circuitry / Synaptic Dreams (Front Bar)",48
"DJ (Rooftop)",12
"Matinee: Beers & Tears (Live Podcast)",37
"CONFIDE Queer Summer Sunday Series ☼ Vol. 6",43
"Soul Of Fitzroy ft. Northside Records | ON THE ROOFTOP",54
"GUN LAWS with KILL BELL and PASSAT ACT",38
"Baby Velvet 'Viruous' Single Launch",35
"The Punters | Every Sunday at Punters Club",42
"FREE ENTRY ARVO SHOW: ROLES - Launch + GREAT AUSTRALIAN BANK",60
"The Cat's Miaow + Monnone Alone",31
"**FREE ENTRY** QUEENS OF THE WEST LIVE AT THE CATFISH",53
"Isobel Knight + Cash Williams & Nick Malouf duo",47
"SUNDAY SESSIONS WITH WOLF AND WILLIE",36
"Jules Boult and the Redeemers",29
"Stingo Blues",12
"Pollyman",8
"Malcura (Front Bar)",19
"Black Jesus Experience",22
"Bad Decisions Comedy",20
"Domingo Latino - Calle Luna",27
"Mansplainers ‘The Sheriff’ Single Launch",40
"Alex Bowen",10
"SUNDAY COMEDOWN",15
"SNAILGUN + VIDEO NASTY (NZ) + PURRERS + THE CARS THAT ATE PARIS",63
"HH & Sax Gawn",13
"2Bular",6
"JASON FALKNER (USA) W/ THE WELLINGTONS (duo)",44
"DNB Mondays serving Drum'n'Bass every Monday",44
"NIEUW MONDAYS",13
"OUR WEEKENDS END ON MONDAYS | with The Pinstripes + Claire Walding",66
"FREE ENTRY MORBID MONDAYS w/ ICONOPLAST + HARA-KITTY!!",54
"Paul Williamson's Hammond Combo",31
"MELLOWING & MADDY PETCH",23
"Sebi Starr (Goodbye Gig)",24
"Miguel Brooking - EP Launch Party",33
"Make It Up Club",15
"Seb Szabo & Special Guests (26/11)",34
"Mukul Jiwnani",13
"The Outernet",12
"Kimberly + Bailey Brown + Jessie Ford-Johnstone @ The Gaso Upstairs",67
"DOLE NIGHT w/ Sister Paul (JPN) and Peter Haren & The Wolves",60
"Deb 5000 Luxury Tour",20
"Afrospace Jazz Industry",23
"The James Sherlock Trio",23
"Alice and the Slags w/ T H U G + special guests",47
"Glen Wee",8
"Waterbugs Of Merri Creek",24
"OLD BAR KARAOKE",15
"The rookies - Jazz",18
"The Outernet",12
"Kimberly + Bailey Brown + Jessie Ford-Johnstone @ The Gaso Upstairs",67
"DOLE NIGHT w/ Sister Paul (JPN) and Peter Haren & The Wolves",60
"Glen Wee",8
"Afrospace Jazz Industry",23
"Alice and the Slags w/ T H U G + special guests",47
"Waterbugs Of Merri Creek",24
"Deb 5000 Luxury Tour",20
"The James Sherlock Trio",23
"OLD BAR KARAOKE",15
"The rookies - Jazz",18
"Skabhangers (Front Bar)",23
"Shenay (EP Launch)",18
"Cass Aware Make Bad Decisions",29
"ALWAYS LIVE presents Déjà Rêvé with DEVAURA + FRIENDS at The Evelyn",67
"Sweatshop Video Launch at the Tote w/ A Stationary Frame, Favoured State & BRAND",80
"World’s Best Neighbours ‘Robert Duvall’ Single Launch",53
"Will Larsen Presents",20
"MUDRAT x DANCINGWATER w Soju Gang LIVE IN NAARM",47
"Live At Bodriggy",16
"DEB 5000 (NZ) + SCUD + SUPER TART",33
"WAAX - Home For The Holidays",28
"Julius Schwing Trio",19
"Bloom Sound w/ Her Shadow Crown + Neon Wave + Moon Maze",55
"Standing Circle",15
"Soft Excursions #4",18
"Jake Dalby with Wasted Years and Down the Drain",47
"Blow",4
"Jack Milligan",13
"Golden Hour | Live at Punters Club",34
"Honkytonk",9
"Acid Chess Club",15
"Acoustic Act",12
"Morgan Wright + Meadow Soprano",30
"Brett Wood",10
"A Night For Seaweed",19
"Workshyyy",9
"Standing Circle (Front Bar)",27
"DJ Bridget Small | Punters Rooftop Sessions",43
"Acoustic Music",14
"Apricot Ink's Vibey Barbie EP Tour",34
"Gosika (NSW) and Gulge (NSW) @ The Bendi (UPSTAIRS) w/ Bludger, Hematemesis and False Dichotomy",95
"November Sounds",15
"EYE OF THE ENEMY - Celebrating 10 years of 'The Vengeance Paradox'",66
"ADHESION - 'UNLEADED' ALBUM LAUNCH",34
"Pepper La Floyd ‘Goes Fourth’ EP Launch",39
"Asanti Beats",12
"3-2-1",5
"INSÆN: Double Single Launch Show",32
"Lonely Gods",11
"Cloning Australian Tour 2024",28
"Katchafire (NZ) w/ Laughton Kora",32
"Wilding single launch + Wesley Fuller",37
"JK-47  Regrowth Tour",20
"EZINES (LIVE), HYBRID MAN, MOOPIE, MISCMEG + MORE",49
"Willowbank Grove live at the Leadbeater Hotel",45
"Sol Hopkins + Ballie's Bazaar",29
"Seminal Rats 40th Anniversary Celebrations",42
"The Hugh Stuckey Trio",21
"STEPPERS - Launch + SOCIAL STREET + KEETS",41
"Tumour/Burn In Hell Split Launch Mel",36
"Please People w/ Busted Chops + Flower Extract",46
"Fairtrade Narcotics",19
"Smoking Vinyl (Front Bar)",25
"The Ferguson Rogers Process",27
"DJ",2
"SUBLIMINAL: BLOOD DIAMOND ALBUM LAUNCH",38
"INTERVAL FRIDAYS - MARRØN (NL)",30
"Gerry Murphy",12
"Tejo D'Cruz",11
"PROTO EXOTICA | PUNTERS CLUB TAKEOVER",37
" BRAZILIAN FOOD + MUSIC FESTIVAL",32
"Southbound Snakecharmers + Special Guests",41
"Matinee: Dug By Us (Live Podcast)",33
"The Taxpayers Australian Tour 2024 (ALL AGES)",45
"FREE ENTRY ARVO SHOW: ADAM FRANKLIN + PRIVATE STASH",51
"Sister Paul (JPN) + support",27
"Shay Bakar,Joy Boy",18
"Shay Baker + Joy Boy",20
"Sweetie & Friends | Rooftop Vinyl Sessions",42
"GUNK - Girls in Punk",20
"Acoustic solo",13
"Omnisutra Sumeria",17
"November Sounds",15
"Acoustic Music",14
"ADHESION - 'UNLEADED' ALBUM LAUNCH",34
"THE RETURN OF THE BURBS",23
"DJ Man Child",12
"JACK DYLAN AND THE VILLAINS & JOE TERROR DUAL ALBUM LAUNCH",58
"UNCLE GEEZER// FUXACHE// METH LEPPARD// TONGUE SCUM// NEPHELAM// WHO BASTARD",76
"GRAZER I Always Follow Album Launch",35
"Majak Door | Live & Seriously Real! For One Night Only at Persa",63
"Boyfriend TV - 'For the Teenage Soul' Album Launch",50
"THE MEANIES single launch",25
"The Barney McAll Trio",21
"Barney McAll Non Compliance Trio",32
"METHO launch Tom Lyngcoln's RAGING HEAD EP  with Serpette Slag Queens",69
"Little Quirks Debut Album Tour",30
"The Taxpayers Australian Tour 2024",34
"Ben Wright Smith & Friends (single launch) + Ellen James and the Waning Crescents",81
"Licklash 'Big Smile' EP Launch at The Tote Upstairs with Bughunt, Hearts & Rockets, and Glen",92
"ROOTBEER - 35 year reunion show!",32
"Lewy C",6
"War Room + Tongue Dissolver",27
"R.U.B with Serial Pest (NSW) and Filthy McNastys",48
"Big Special (UK), Radio Free Alice and Sex Mask",47
"Shrimpwitch totally, finally last show! Feat. Hunny Machete and Rhysics",71
"CHI WOW WAH CITY - Melbourne- Viken Arman- (France), Uone, Amaru Tribe Live & Sriracha",86
"50/50 - FULLY GASSED #10",24
"The Amigos",10
"GLAMORAMA SATURDAYS FEAT. FOSTERS",33
"SATURDAY NIGHT PARTY AT YAH'S (till 5AM)",40
"Saturday Night DJ",17
"Resident DJ",11
"SLOW GRIND FEVER #107",21
"DJ",2
"The Moment | Live at Punters Club",33
"Lewis Toms",10
"JAWANI 4EVA",11
"Hysteric",8
"DJ (Rooftop)",12
"Mass Appeal Sunday Jam",22
"Matinee: Day One",16
"FREE ENTRY ARVO SHOW: TRUCKERS FOR CHRIST + THE DELVENES",56
"FlavourFest x 1st Product",25
"The Melbourne Blues Collective",30
"Food, Wine, Love",16
"Who Cares, Girlpower, Gavin ! (NYE)",35
"Stingo Blues",12
"Jon Con",7
"Jeff Williams Trio w/ Kaye Patterson",36
"Wöølworths\\Flushot with Derrotonin and Real Name",49
"Annie & The Make Believe- 'It Got Bad' Single Launch",52
"The Tipplers (Front Bar)",24
"Black Jesus Experience",22
"Domingo Latino - La 45",22
"Hannie Day w/ Charlotte Bridie + No Turns",41
"Sugargum",8
"Bôa (UK)",8
"DISPLACED RECORDS: MYSTERY SHOPPERS + SCOWLS + MOUSE ORCHESTRA",62
"HH & Sax Gawn",13
"** FREE EVENT ** NORTHERN SHINERS",33
"DNB Mondays Weekend Extender",28
"NIEUW MONDAYS",13
"Hey Smith (JPN) + Voodoo Glow Skulls (USA)",42
"FREE ENTRY MORBID MONDAYS: USER + CALYX",39
"ARBORISTS + CRIIMES",19
"Make It Up Club",15
"Andy Shauf (CAN - solo)",23
"Grim Rhythm",11
"Mukul Jiwnani",13
"The Collingwood Crawl | The Bendigo Hotel",41
"The Schooners with Push The Trigger & Defibrillator",51
"The Collingwood Crawl | The Tote",32
"The Collingwood Crawl | The Gasometer",37
"Dastco w/ Freebooter Republic and Blue Tongue Wizard",52
"Afrospace Jazz Industry",23
"Waxahatchee (USA)",17
"Obdurate Residency w/ Nausicaa + Splitlanes",43
"The Mark Fitzgibbon Trio",24
"DUB FX - INFINITE REFLECTION SHOWCASE - feat. Sahida Apsara | Support by ANDY V",79
"FREE ENTRY KARAOKE",18
"The rookies - Jazz",18
"Sunny Daze",10
"The Collingwood Crawl | The Tote",32
"The Collingwood Crawl | The Gasometer",37
"The Schooners with Push The Trigger & Defibrillator",51
"The Collingwood Crawl | The Bendigo Hotel",41
"Dastco w/ Freebooter Republic and Blue Tongue Wizard",52
"DUB FX - INFINITE REFLECTION SHOWCASE - feat. Sahida Apsara | Support by ANDY V",79
"Afrospace Jazz Industry",23
"Waxahatchee (USA)",17
"The Mark Fitzgibbon Trio",24
"Obdurate Residency w/ Nausicaa + Splitlanes",43
"FREE ENTRY KARAOKE",18
"The rookies - Jazz",18
"Sunny Daze",10
"The Propane Trio (Front Bar)",28
"Tinkle Thursdays Singalong Session",34
"Cammi Kol 'Forever Goodbye' Single Launch",41
"Andy V",6
"THURSDAYS WITH THE RAILWAY GANG",31
"Connor Randles (EP Launch)",26
"GRINDHOUSE ALBUM LAUNCH AT THE TOTE W/ VOIDOUT AND SEVEN INCH STARE",67
"BLANCO TRANCO + COMEDY + TOMMY CARLOS",37
"Amanduh - Eye To Eye Single Launch",34
"VALENTA: CALL ME UR VANDAL",26
"MIKE",4
"IMFRESHMEAT with EDM and MOBHEAD",32
"Blow",4
"Signs Of Change w/ Saturday Escapades + The Ferns",49
"Chris Rozakeas Quintet",22
"THIRSTY MERC - Electric Summer Tour!",36
"THE REPORES 'MIDDLE OF NOWHERE' SINGLE LAUNCH",45
"Jarrod Shaw",11
"Honkytonk",9
"Shay Bakar, Sister Sara",23
"Acoustic Act",12
"The Four Scoops (Front Bar)",27
"A VERY MERRY (And Jolly) CHEAP-SKATE CHRISTMAS FUNDRAISING BONANZA 2",68
"Waxfox",6
"Acoustic Music",14
"Tarot [Tas] -Melbourne Album Launch",35
"3-2-1",5
"THE OILS: A Tribute to Midnight Oil",35
"Ski Whiz 'Where We Go' Single Launch with Special Guests Skiptons and The Satts",79
"Asanti Beats",12
"The Breadmakers as The Unknown Blues - Dave Hogan's 75th Bday!",62
"Stephen Magnusson Trio - Live Recording!",40
"Wade Forster - 'The Drifter' Tour",33
"Mia June (Single Launch)",24
"Harriet Wraith’s Solo Show with Araminta and Chloe Hari",55
"TYLER RICHARDSON (LUCA BRASI) + BEC STEVENS + KELSIE RIMMER",59
"Euphoric Beats",14
"A Fundraiser for Palestine - with Clamm and Tongue Dissolver",60
"Jamie Webster (UK)",18
"AERIQAH WITH BENJAMIN TRILLADO LIVE ON STAGE AT SUGAR GLIDER",60
"Parle Green w/ Tam Vantage + Molly Mckew",40
"VICTIM (NZ)",11
"Huckleberry and the Devil's Dandruff",36
"DJ",2
"TRASH Indie Sleaze and Party bangers",36
"Mikey Goodfellow",16
"Woody Samson",12
"Chromakopia Release Party - Melbourne",37
"DJ Lewy C",9
"3065 PARTYGIRL with GAY ROBERTO",31
"Boteco Do Faguinho",18
"The Tote Record Fair!",21
"Matinee: Michael Ward Trio",26
"Gazebo Recs",11
"LOUD WOMEN FEST ft. R.U.B., Smallways, Daddy Issues, Blake Williams, Wom Girlz & More",85
"Sammy Dee, Tim Heaney, Magda Bytnerowicz and Moopie",51
"FREE ENTRY ARVO SHOW: GOLD GULL + SUZIE SO BLUE",47
"Open Heart Kirtan",17
"Pulse Takeover 002",18
"4pm JAM Big Band",16
"Acoustic solo",13
"Ant Eye Comedy (Gold Coin Donation)",35
"Acoustic Music",14
"Sugar Plump Fairy",17
"BASS REVIVAL: WONDERLAND",24
"ALWAYS LIVE presents Sex Mask at The Evelyn Hotel",49
"Infinity Song (USA)",19
"TURTLE SKULL + BURIED FEATHER + SHROUD + TTTDC",46
"total tommy ‘bruises tour’",26
"Punk For Palestine ft Cimiterium, Reaper, Jalang, Phantasm & Paroxys",68
"Teramaze",8
"Alarum: RECONTINUE Album Launch",31
"POSSESHOT 'OPERATION BURNER RAP' TOUR",37
"Astro Elevator Cosmo Vortexia Album Launch with Pretty Good Sofa and Bellhop",76
"Julien Wilson's ""One Flight Up"" Quartet",39
"Lizard Lounge 'Groove Is In The Heart' #2 – Back by overwhelming demand!",72
"To Octavia w/ Pretty Bleak + TILE",33
"Jack White",10
"TRVE KVLT II - HEAVY & HARDCORE",31
"Resident DJ - Saturday",22
"Goodestboialive",15
"Saturday Night DJ",17
"AXED X TECTONIC TECHNO & HARDCORE",33
"SATURDAY NIGHT PARTY AT YAH'S ",30
"DJ",2
"The Amigos",10
"Harrisen Hughes",15
"Eat The Beat : Together",23
"Chromakopia Release Party - Melbourne",37
"Gateway Festival Afterparty: Jovonn (All Night Long) (DJ Set)",61
"Midnight Circuitry / Synaptic Dreams (Front Bar)",48
"DJ Nomar Jr",11
"DJ (Rooftop)",12
"Matinee: Dog In The Dump Truck",30
"Esha Tewari - Debut Aus Tour",28
"The Dive Bombs + Masters of the Flying Guillotine",49
"Aqueous x Luna Blessings pres. Fafi Abdel Nour",46
"FREE ENTRY ARVO SHOW: THE RARTEL + PLANETS CARAVAN",50
"SUNDAY SESSIONS WITH YOLANA INGLEY II BAND",42
"CRAIG WOODWARD TRIO LIVE AT THE CATFISH",39
"Opelousas",9
"Stingo Blues",12
"Kimi Nakagawa (Japan)",21
"TenderLena",10
"Esha Tewari - Debut Aus Tour (Second Show)",42
"Sylvia, Reckon and Cari Scharl",30
"Farewell to Oz 2024"" feat MARK STEINER & HIS PROBLEMS + KIM VOLKMAN & THE WHISKEY PRIESTS + JP SHILO + JULITHA RYAN + EDEN",122
"The Chilli Pickers (Front Bar)",30
"Black Jesus Experience",22
"Domingo Latino - La Influencia",30
"SNOWGUM PRESENTS: SLCJH + SUNNY MORRIS + HUGH FUCSHEN + WINTER McQUEEN & ACACIA PIP",83
"'Sagittarian B'Day Bash' ft. Trix William & Ivory Archer",56
"dOOb's Mixtape Album Launch / SIR W4TTS",39
"Lakeview",8
"Jess Hitchcock + Freya J Hollick",32
"Lewis C",7
"NIEUW MONDAYS",13
"MORBID MONDAYS: THE BAWDIES (Japan) + FRENZEE (Greece)",54
"THE FUNDRAISER H.O.E.-DOWN",26
"Mannequin Pussy (USA)",21
"Make It Up Club",15
"JADED",5
"‘Melbourne Indie Voices Present’ Music Nerdz Karaoke",52
"Tongue Dissolver, Serpette, Rain Dogs + Kisses",46
"Afro Space Jazz Industry",24
"DOLE NIGHT W/ MUDDY LEMONS AND FUR BLOSSOM",42
"Kathleen Halloran ""Free With Me"" Single Launch",46
"The Mark Fitzgibbon Trio",24
"LIVE COMBO DEAL: SAN supported with Big Fat Elephant, The Statts & Tastydaze",76
"Obdurate Residency w/ Contact Sport + Sweatshop",47
"FREE ENTRY KARAOKE",18
"The rookies - Jazz",18
"‘Melbourne Indie Voices Present’ Music Nerdz Karaoke",52
"Afro Space Jazz Industry",24
"Tongue Dissolver, Serpette, Rain Dogs + Kisses",46
"Kathleen Halloran ""Free With Me"" Single Launch",46
"DOLE NIGHT W/ MUDDY LEMONS AND FUR BLOSSOM",42
"The Mark Fitzgibbon Trio",24
"Obdurate Residency w/ Contact Sport + Sweatshop",47
"LIVE COMBO DEAL: SAN supported with Big Fat Elephant, The Statts & Tastydaze",76
"FREE ENTRY KARAOKE",18
"The rookies - Jazz",18
"Rod Paine & the Fulltime Lovers",31
"Tinkle Thursdays Singalong Session",34
"Tinkle Thursdays Singalong Session",34
"Fusion Express (Front Bar)",26
"ALWAYS LIVE presents Sex Mask at The Evelyn Hotel",49
"Junkyard Wizards, Clyde St, Fifth Quarter",41
"Bowling For Soup (Good Things Sideshow)",39
"Betty Taylor",12
"STELLA BRIDIE + CHITRA",22
"Allysha Joy ""The Making Of Silk"" World Tour",43
"FELLVIEW-""Shell ep Launch""",26
"ALETHIA X Vanessa Estrada X Liana Perilla",41
"Two Weeks of Summer with The Late In The Evening Band - Week 1",62
"Mini Waters - Where the Heart Is Single Launch",46
"Killing in the Dame /My Grinding Mind/ Unto The Breach at The Gaso!",67
"Fran Swinn/ James Sherlock Quartet",34
"Laneous and Friends",19
"Blow",4
"THURSDAYS WITH THE RAILWAY GANG",31
"Breaking Sound Melbourne",24
"Freya Josephine Hollick | Live at Punters Club",46
"Honkytonk",9
"Acoustic Act",12
"Casey | Rooftop DJ Sessions",27
"Three Base Hit (Front Bar)",26
"Deeplove",8
"Acoustic Music",14
"Bloom 'The Works of You' Release Show",37
"Ally Hocking Howe Trio",22
"3-2-1",5
"DOGFEST: Part 2",15
"Polarize,Taylor Carroll",23
"Andrea Keller Transients Quartet",32
"Asanti Beats",12
"DEAR SEATTLE + LUCKY",20
"DERAILMENT / GRAVEPEELER / THE NIHILISTIC FRONT",47
"S.C.R.E.W. XXXMAS",17
"Nightmare on Brunswick Street",29
"Box Thorn & Mountain crew rock out for Ellis Park",49
"Honky Tonk Town - A Country & Western Dance Party **Christmas Special**",71
"Dellacoma (Single Launch)",25
"Dialog ""Doctor"" Single Launch with Gavin and Westgaet Special",61
"AWOL, Outsiders Code, Dizdain, Tarnished at the Bendigo",55
"Merkani w/ The Heartstrings Band + Amalie",41
"Video Life",10
"TEK TEK (album launch)",22
"Georgia Knight and friends",26
"DJ",2
"Cumbia Clash",12
"DJ Boyoliver",12
"Taylor Swift's Birthday Party Celebration!",42
"Free Live Music @ Baxter's",26
"Interval x Transition x TNT - Entasia + Pat De Ruiter",53
"Free Live Music @ Baxter's",26
"Bubble x New Guernica Pres. OLDBOY (UK) &amp; DJ COSWORTH (UK)",62
"Tommy Sexton & The Suggestions | Live at Punters Club",53
"Willem",6
"Catch Da Riddim Featuring: Max Shotta, Jaskola, Martha, Lego",60
"TERRESTRIALS + SEAS OF TITAN + PALPITATIONS",43
"Midnight Circuitry / Synaptic Dreams (Front Bar)",48
"The Evelyn Market",17
"CRÉME DE LA FEMME II",20
"Matinee: The Patients",21
"COCO JUMBO 'LAST EVER SHOW' W/ DADDY ISSUES",43
"Greeble + D-Beam at Nighthawks",30
"FREE ENTRY ARVO SHOW: SUBJECT TO CHANGE",39
"Sweetie & Friends | Rooftop Vinyl Sessions",42
"Acoustic solo",13
"Funky Kingston LIVE!",20
"Acoustic Music",14
"Shakerfaker take The Persa",26
"Phoebe Go Live On Tour",22
"La Furia - Unplugged/Uncovered/Unleashed",40
"Twominds & Teeth Clippers Present: KASSIAN (UK)",47
"Swim State",10
"Twitch DJs Presents Energize - 14.12.24 @ Laundry Bar",53
"GRACE ROBINSON + KYLE GLOVER + SKINNY WIZARD",44
"SKUX | Melbourne Pop Up Show",28
"Grindhouse + The Monaros - 'Wank' Beer Launch",45
"Flesh Bodega at Nighthawks",26
"The Craig Fermanis Trio!",24
"Tudor Club - fundraiser for Black Dog Institute",47
"The Sprouts,sweet and nastie,'DAG'",34
"Gutless HIGH IMPACT VIOLENCE Album Launch",41
"Heat, RAT BAIT, Threat, Bright Sun, and Death Tax at the Tote",61
"WHAT I'VE BEEN LIVIN' FOR - SINGLE LAUNCH SHOW",46
"The Mongrels w/ B-Sides + Insane band",37
"Superchunk (USA)",16
"Resident DJ - Saturday",22
"DJ",2
"SophieOlivia",12
"Free Live Music @ Baxter's",26
"ARCHIE – ‘So Far Away From Me’ Tour ! SAT DEC 14",48
"The Amigos",10
"Deadweight 80 + Diskust + Loner + Get Rekt + All Monsters Are Human",67
"Saturday Night DJ",17
"Eat The Beat : Elevate",22
"Free Live Music @ Baxter's",26
"Tentendo | Live at Punters Club",31
"Underground Lovers Moda Discoteca | Live at Punters Club",56
"Juno Mamba + Paris",18
"Toy Tonics Jam ft. Sam Ruffillo & Gee Lane — Kanvas Presents",60
"Whispering Sky - Tenzin Choegyal and Tenzin Kunsang",51
"Dogma Tapes Presents Musica Electronica II ft. Heather Vomiting Goo, Teeth Dreams, Three Mothers, Twin Soul, Collie Perfect + Secret Guest",138
"DJ (Rooftop)",12
"'WHAT GOES ON!' ft. Digger and the Pussycats",44
"Lyric - The Nostalgia Tour",26
"Poison City Records - End Of Year Boogie",40
"CONFIDE Queer Summer Sunday Series ☼ Vol. 7",43
"FREE ENTRY ARVO SHOW: DAVE JOHNSTONE BAND (AMMONIA) + CYCLONE MAVIS",67
"The Hornets",11
"The Garbage and The Flowers",27
"Spoonful",8
"Ally Hocking Howe & Ragged Blossom",34
"LINA : SOFT LAUNCH",18
"Stingo Blues",12
"Lego Selector",13
"The Stetson Family",18
"Fisheye at Nighthawks w/ Sugargum and CARE!",43
"The Punters | Every Sunday at Punters Club",42
"Black Jesus Experience",22
"𝖇𝖆𝖉 𝖋𝖑â𝖓𝖊𝖚𝖗 ~ᴀ ʀᴇᴀᴅɪɴɢ~",32
"Harmaniax (Front Bar)",21
"HELL UPSTAIRS",13
"JACK DAVIES (WA) + CLAUDIA JOY (WA) + ANNA SCHNEIDER + BILLY BARKER",67
"Free Live Music @ Baxter's",26
"Soul Of Fitzroy | Rooftop Jazz & Soul Party | With Northside Records",68
"OUR WEEKENDS END ON MONDAYS | with Sam Bambery + Dopey Mick",59
"NIEUW MONDAYS",13
"FREE ENTRY MORBID MONDAYS: NON + ZOMBIE HUNGER",46
"DNB Monday ft. Bry, Telemikus, Quality Time, Nish Diaz, Matt Frequencies",72
"GHOSTS! OF CHRISTMAS PAST w/ CREEPY TWINS + SOUND FOSSIL + BJ MORRISZONKLE & NERO FRIKTSCHN FEURHERDT",101
"Make It Up Club",15
"FOLEY!!! ♡ END OF YEAR CHRISSY BASH ♡ @ THE TOTE FRONT BAR",58
"'THE PROPOSAL""",14
"Humane Live @ The Tote w/ Little Theatre &  Abraham Kenny",57
"TAINTED FACADE AT THE GASO",26
"Dub FX and the CONVOY UNLIMITED - feat. Sahida Apsara",53
"Obdurate Residency w/ Titration + The Terrapins",47
"Afro Space Jazz Industry",24
"The Garbage and The Flowers",27
"The Mark Fitzgibbon Trio",24
"When Dream and Theater Unite II",31
"FREE ENTRY KARAOKE",18
"The rookies - Jazz",18
"'THE PROPOSAL""",14
"TAINTED FACADE AT THE GASO",26
"Humane Live @ The Tote w/ Little Theatre &  Abraham Kenny",57
"Dub FX and the CONVOY UNLIMITED - feat. Sahida Apsara",53
"The Mark Fitzgibbon Trio",24
"Obdurate Residency w/ Titration + The Terrapins",47
"Afro Space Jazz Industry",24
"The Garbage and The Flowers",27
"When Dream and Theater Unite II",31
"FREE ENTRY KARAOKE",18
"The rookies - Jazz",18
"Interface presents: Day Party @ the Gaso ft. Moopie",51
"Tinkle Thursdays Singalong Session",34
"Skabhangers (Front Bar)",23
"Cass Aware",10
"PARA FUNDRASIER w/ RIN McARDLE + HANNAH McKITTRICK + ROMANIE",60
"BAD MEDICINE: Medical Worker's HOSPITALity Night w/ Live Band Karaoke",69
"KILAT PRESENTS END OF YEAR XMAS SHOW AT THE TOTE",48
"Geography ""What You Want""  Single Launch",40
"Two Weeks of Summer with The Late In The Evening Band - Week 1",62
"Don Glori",9
"SMNKSMT LIVE",12
"THURSDAYS WITH THE RAILWAY GANG",31
"Blow",4
"Laneous and Friends",19
"Orange Orange with Dog Door and Bowlos",38
"Erica Avenue (Single Launch) w/ Daezy + The Statts **SOLD OUT**",63
"Henry Sweets Trio",17
"SOPHISTICATED DINGO - As Good As It Gets - The Christmas Tour",61
"Lord Rochester (SCO) + Plastic Section",38
"Honkytonk",9
"Riflebirds | Live at Punters Club",33
"Acid Chess Club",15
"Kuzco,Wamboi",12
"The Four Scoops (Front Bar)",27
"Blaberunner + Gupstar",21
"Hysteric | Rooftop DJ set | Live at Punters Club",48
"New Delica Xmas Show",20
"Acoustic Music",14
"Acoustic Act",12
"Blondehouse ‘Fear of the Unknown’ EP Launch",43
"An Evening of Terror with Dreamworm",35
"3-2-1",5
"Asanti Beats",12
"UNCOMFORTABLE SCIENCE",21
"The Ronson Hangup (Christmas Show)",34
"A Pool House Christmas Presents: The Smith Street Band + Press Club",67
"Select All’s Christmas gig at the Tote",38
"Belle Haven Xmas Show",21
"Christmas With Albert Salt",26
"SO.Crates - Be-Sides and Rarities Album Launch",46
"WILLIE J’S 6v6s - Launch + SCARNON",34
"Ben Wright Smith & Friends (single launch) + Ellen James and the Waning Crescents",81
"Atomic Disco",12
"Soft Star and Racoo",19
"Soup and the Crouton EP Launch: The Death Dreams vol II",55
"Blowers with Super-X, R.U.B and TENCH",37
"Kandalini EP Launch with ROMCOM",31
"Upper90 & Dance Power Invites",29
"Forrer w/ Githmi + Isabella Fortuna",35
"XXXMAS A Christmas Party!",25
"Quattroformaggi",15
"Carmen Electro + Inafekt",24
"NEXT CROP",9
"DJ",2
"MacQueenie Christmas Karaoke",28
"In The House Presents Osmosis Jones & Prize Fight",49
"S*WITCH - DRUM & BASS",21
"Lay Down The Groove ft. DJ Luv You | Free entry",47
"DJ PGZ",6
"CRUSHED LAVENDER @ THE CATFISH",30
"Gold Haus Day Party at The Gaso",31
"The Hot Blood Live On The Floor w/ support from The Pokies.",59
"FREE ENTRY ARVO SHOW: THE TOMMYS + PLASTIC SECTION",50
"Tainted Facade with Em Di Em Ae (ARVO SHOW)",43
"Bby Cass, Joy Boy",17
"Sweetie & Friends | Rooftop Vinyl Sessions",42
"Live Music Saturday",19
"Acoustic solo",13
"Acoustic Music",14
"Beers4Queers",12
"UNBOUND: Celebration & Fundraiser",33
"PSYCHO SEQUINZ - A Glam Rock Christmas",38
"HYLA âIn The Green Shadeâ Album Launch",42
"The Paul Williamson Quartet plays the music of Thelonious Monk",62
"JUICE. JUNCTION LIVE PRESENTS: VERBRASCO + CHLOE BOOTH +  THE OPALS",67
"CLUB RIOT Presents: QUEER CHRISTMAS",35
"gesùnolike and friends: Astral High, Cooldad and Anne's Lace, Live at the Tote",78
"Sadie Mustoe (Single Launch)",28
"The Dr. Colossus Christmas",26
"The Straight Shooters w/ The Satts + The Outfits",48
"DOUGALFEST ",11
"The Amigos",10
"Saturday Night DJ",17
"BARKADA NIGHT: End of Year Party",32
"Last Nite: Indie Party - Melbourne",34
"DJ",2
"Dennis",6
"TECTONIC PRESENTS DEATHMACHINE (UK) | FREE ENTRY",48
"Midnight Circuitry / Synaptic Dreams (Front Bar)",48
"James Dela Cruz (DJ set) | Punters Club",39
"CARAVAN CLUB 'The Drive Home' SINGLE LAUNCH W/ PERFECT BLUE & BEC JEAN",70
"DJ (Rooftop)",12
"The Punters | Every Sunday at Punters Club",42
"Deep Dance Breakup Party",24
"SUNDAY SESSIONS WITH WOLF AND WILLIE",36
"El Midnight Creep",17
"Nitida & The Hottiehotstuffs",28
"The Civilians",13
"Soul Of Fitzroy | Rooftop Jazz & Soul Party | With Northside Records",68
"Black Jesus Experience",22
"Malcura (Front Bar)",19
"Domingo Latino - Sazón",22
"JOSHUA SEYMOUR + MILL O'SULLIVAN (PORPOISE SPIT) + CROP TOPS (SOLO)",67
"MindStain - Headline Show",25
"The Nova Fiends with Kotlas Begemot, and Joynt Venture",54
"Dan & Al (Xmas Show)",20
"'GROND-MAS EVE EVE EVE'",23
"NIEUW MONDAYS",13
"MORBID MONDAYS CHRISTMAS RIOT! w/ MUDDY LAWRENCE + MILLIMETRE WAVE",66
"Paul Williamson's Hammond Combo",31
"RATBAIT - ROCKIN XMAS EVE @ THE TOTE",36
"Daal N Bass Vol.1 ft. Panjabi MC",32
"James Brown-A night to remember",31
"James Brown-A night to remember",31
"Boxing Day Blues and BBQ",24
"Tinkle Thursdays Singalong Session",34
"Wretla + Marli - Boxing Day Into night",38
"Blow",4
"Eamon McNelis's ""The Skellingtons"" feat Stephen Grant on alto saxophone!",72
"Human Space Machine",19
"Rummiklub",9
"Acoustic Act",12
"Finn Rees (DJ set) On the Rooftop | Live at Punters Club",56
"Wolfie",6
"Surrounded By Sound",19
"Acoustic Music",14
"3-2-1",5
"SLOE JACK | Live in Melbourne",29
"The Omnific | Live At The Tote",30
"Kegi",4
"The Carl Mackey Quartet",23
"SALMON SISTERS - Launch + B SIDES + ELA & THE SHINKICKS + PEPPER LA FLOYD",73
"Black Dethmass At The Bendi: Scaphis + Project: Ultimate Satan (ACT) + Thallium + Tiger Driver",94
"Sleazy Hormigas (Single Launch) w/ Los Parceros + Munkus Funkus",63
"NICK BAM Krush Grooves",22
"Pink Pony Club - Melbourne",26
"DJ",2
"SUPERNATURE",11
"Post Hexmas afternoon gig of Intimate Harmonic Noise with: Alarms, future tongues & drone state",95
"FREE ENTRY ARVO SHOW: JOHN KENNEDY BAND + TEN GALLON HEAD",57
"Lemmy day 2024 at The Gaso!",27
"Acoustic solo",13
"Acoustic Music",14
"Ambie Dextrus",13
"Kick On End of Year Party",25
"80's Night",10
"Crestfallen",11
"The Brett Williams Trio",23
"STEPDAD ADVICE + HONEYMOON PHASE + TEACHER’S PET",48
"A Very Good Christmas",21
"SHIRKHER w/ LXRP + Realname",27
"Resident DJ - Saturday",22
"Saturday Night DJ",17
"Slim Maybe",10
"Ciara",5
"SICKEST HOUSE presents NITEPUNK (USA)",37
"DJ",2
"The Amigos",10
"Laundry presents: THE BEST OF 2025",34
"Dave Lee (JN) At The Night Cat",30
"Eluize",6
"DJ (Rooftop)",12
"The Punters | Every Sunday at Punters Club",42
"Tam Vantage // Jack Spencer Free - Tote Front Bar - Free Entry",62
"Jules Boult and the Redeemers",29
"Jules Boult and The Redeemers",29
"Stingo Blues",12
"Annie Rose Maloney",18
"Soul Of Fitzroy | Rooftop Jazz & Soul Party | With Northside Records",68
"Soft Excursion Presents",23
"The Chilli Pickers (Front Bar)",30
"Black Jesus Experience",22
"Domingo Latino - Calle Luna",27
"KINCAID ‘Hiatus Party’ with Kash, Mellowing and DOGi KATZ",57
"PUNK-O-RAMA",11
"IT'S CAMP DRAG SHOW",19
"DNB Mondays Goodbye 2024",24
"MORBID MONDAYS END OF YEAR BLOWOUT w/ BAD LOO TENANT + VIOLET DREAD + CAUSTIC GRIP",82
"NYE W/ DISKO BIZARRO & FINDERS KEEPERS RECORDS (UK)",51
"NYE AT THE YARD",15
"NYE AT RADIO",12
"NYE AT THE YARD",15
"NEW YEAR'S EVE COUNTRY CLUB",27
"NYE: FRENZEE - Launch + GRIM RHYTHM + TANKERVILLE + THE ANTICS",62
"NYE at the Terminus",19
"1925 - Vive La Difference!",26
"NYE Rock n Roll at WWW!",23
"New Years Eve @ Old Plates",26
"Call Me Maybe: New Years Eve Party - Melbourne",46
"Gaso is doing NYE!",18
"BREW YEAR'S EVE",15
"Call Me Maybe -NYE Party",24
"New Years Eve Y2Slay! Yah Yahs Dec 31st",39
"Hillbilly Scots NYE at the Lomond",33
"QUESTLOVE (Exclusive DJ Set) | NYE at The Night Cat",51
"New Year's Eve",14
"FAST GRIND FEVER NYE 2024",25
"BONEZ New Queers Eve",20
"Battlesnake (NYE Party)",23
"New Years Day Recovery",22
"CONFIDE × KAYZAR – N.Y.D. 2025",30
"New Years Day Recovery",22
"CONFIDE × KAYZAR – N.Y.D. 2025",30
"Standing Circle (Front Bar)",27
"War Penguin w/ The Riffer's Den + A Study in Red",48
"Laneous and Friends",19
"Billie Marten (UK)",18
"Yaya Bey",8
"The CB3 | LIVE at Punters Club",30
"Blue Grassy Knoll | Live at Punters Club",40
"Acoustic Act",12
"The Four Scoops (Front Bar)",27
"EXXXSTASIA",10
"3-2-1",5
"Hank Williams Tribute ft Chris Jacobs, Peter Baylor & more. With DJ James Elles",79
"Big Breakfast",13
"RANDY HOUSER - One Night Only Solo Acoustic Performance",55
"SWEAT Charli XCX +Troye Sivan",29
"B'DAY BASH [Burn in Hell & ScarnOn]",35
"DJ",2
"Legless RnR Holiday",19
"Acoustic solo",13
"TattooRose Live",15
"Keratin- Death & Rebirth 7"" Launch",34
"Ghetts (UK)",11
"The Refuge w/ Seven Pound Halo + Chelsea @ The Tote Upstairs",60
"Skram - The Neverending Cabaret Tour",36
"Notch w/ The Byrnouts + Jasmine Matthews",40
"DJ",2
"SATURDAY NIGHT PARTY AT YAH'S (till 5AM)",40
"Detroit’s Music Institute w/ Alton Miller, Chez Damier + Secret International",77
"Saturday Night DJ",17
"The Amigos",10
"Resident DJ - Saturday",22
"The New Kids 3",14
"DJ (Rooftop)",12
"Conqueror Root",14
"Stingo Blues",12
"The Chilli Pickers (Front Bar)",30
"Black Jesus Experience",22
"Domingo Latino - La 45",22
"RECKON + CASSELLS + BUZZ & THE PICKUPS",38
"DNB Mondays Hello 2025",22
"NIEUW MONDAYS",13
"MORBID MONDAYS w/ DECIDE TODAY (USA) + SCHKEUDITZER KREUZ + ELEKTRONIK GIRL EPIC",80
"Lovely Lonely Landfill",22
"JUNGLE JIM SMITH @ THE TOTE FRONT BAR",37
"Mimi O’Bonsawin + Norwood",25
"Darcy Fox",9
"Cycad (Residency, Week #1)",26
"Carr Li Kennedy",15
"DOLE NIGHT w/ Ze Wisenheimer & Low Monroe & The Fugitives",57
"FREE ENTRY KARAOKE HOSTED BY FREE WHEELIN SEAN WHELAN",53
"Jack Milligan",13
"Cycad (Residency, Week #1)",26
"DOLE NIGHT w/ Ze Wisenheimer & Low Monroe & The Fugitives",57
"Carr Li Kennedy",15
"FREE ENTRY KARAOKE HOSTED BY FREE WHEELIN SEAN WHELAN",53
"Jack Milligan",13
"Tinkle Thursdays",16
"Shelly's Motor Club (Front Bar)",31
"Lace Dress (Debut Show)",23
"High Angle Beams EP launch",26
"Carr Li Kennedy",15
"Horatio Luna",12
"Creeping Jenny - 'Milquebox' EP Launch Tour | Melbourne",55
"Greeble + Lalu + Tellerwood vs the Endless March of Time",56
"GOOD MUSIC PRESENTS: 'CIGERETTES & ALCOHOL' w/ CHLOE BOOTH + SOTV + LAZY DINGO",78
"Blow",4
"Andrea Robertson",16
"Singles Night #2",16
"BUNT | SECOND SHOW ADDED",24
"Lewis C",7
"Acoustic Act",12
"Malcura (Front Bar)",19
"KILAT PRESENTS END OF YEAR XMAS SHOW AT THE TOTE",48
"The Stephen Magnusson Trio",26
"3-2-1",5
"The ‘68 Love Revival Rocks The Gaso!",36
"BODIES + FUTURE TONGUES + COMEDY + ANOTHER ROTTING CORPSE",57
"smol fish Small Tour (Melbourne)",32
"Clutch 4: Nam-Khar (Germany)",28
"Aboubacar Djelike Kouyate",25
"CINTA.CONTROL GROUP",19
"Winnie and the Wraiths w/ Sophia Maltarollo + Lucy Paterson",59
"Fairtrade Narcotics Reso Week 2",31
"The Albert Steeze Band âRamblerâ Album Launch",49
"DJ",2
"FADS: Queer Rave",16
"Elm Street + Mystery – The Great Tribulation LIVE",49
"Goontex @ The Gaso",18
"The Pokies",10
"'25 Hip Hop",11
"ASCENSION EVENTS pres. B2B",26
"C.U.N.F",7
"DJ Lewy C",9
"FREE ENTRY ARVO SHOW w/ JAY MOTHMAN - Launch + FLEETING PERSUASION",66
"The Prize + Gnome",17
"Acoustic and Live",17
"Acoustic solo",13
"Julien Wilson's ""One Flight Up"" Quartet feat Sam Anning",55
"Ross Wilson",11
"Woody Samson & the Sexy Boys steamy summer Launch Party with Lewis Ciavarella & Camryn Jordans",94
"MER LO + BIG MOIST & THE SMOKING DURRIES + SASHA",48
"GOLPE @ The Tote",16
"Alexis Remi (Single Launch)",27
"J.Taylor Bell & The Ding Dongs (single launch) + Kyle Brew",58
"Portair Australian Tour | Melbourne",35
"The Belair Lip Bombs",20
"Super Death at Nighthawks! With Vacuum, Kai Cult and Emerald Woods",66
"TRVE KVLT - HEAVY & HARDCORE",28
"The Amigos",10
"Saturday Night DJ",17
"DJ",2
"Xander",6
"Resident DJ - Saturday",22
"DJ Gerry Murphy",15
"Eat The Beat ft. JON CONNOR & LESTRANGE",39
"BUNT",4
"DJ (Rooftop)",12
"CONFIDE Queer Summer Sunday Series ☼ Vol. 8",43
"Blowhole @ The Tote Front Bar",29
"ROD PAINE & THE FULLTIME LOVERS",31
"CRAIG WOODWARD TRIO LIVE AT THE CATFISH",39
"Shantael Raphael + Madoc",24
"Stingo Blues",12
"Fusion Express (Front Bar)",26
"Black Jesus Experience",22
"The Graduation Gig",18
"Elly MCK & The Unbelievers",26
"Orianthi",8
"Harrisen Hughes",15
"David Boyd Smiley",17
"NIEUW MONDAYS",13
"MORBID MONDAYS w/ OPERANT (BERLIN) + FALSE FATE + BACCHUS HARSH",63
"Mia",3
"ANALOGUE SOCIAL + REMARKABLE SHIPWRECKS",39
"Tom Ellis",9
"Cycad (Residency, Week #2)",26
"Errare with Nak & DJ Rain",25
"DOLE NIGHT w/ Clit Split & Mousse Cannon.",41
"Afro Space Jazz Industry",24
"The Craig Fermanis Trio w/ special guest Mat Jodrell!",53
"FREE ENTRY KARAOKE w/ BIG AL STACEY",35
"Glen Wee",8
"Errare with Nak & DJ Rain",25
"Cycad (Residency, Week #2)",26
"DOLE NIGHT w/ Clit Split & Mousse Cannon.",41
"Afro Space Jazz Industry",24
"The Craig Fermanis Trio w/ special guest Mat Jodrell!",53
"FREE ENTRY KARAOKE w/ BIG AL STACEY",35
"Glen Wee",8
"Ike",3
"Tinkle Thursdays",16
"Monty Shnier Quartet (Front Bar)",32
"Ben Gerrans Pop Up",18
"Marro Younan Single Launch",26
"Phosphorescent (USA)",20
"Urban Guerillas triple threat at the Tote with Brando Rising and Assassins!",75
"ERIS & THE DISCIPLES + USER + EMERALD WOODS",43
"Athena Lim @ The Evelyn",23
"Bensin with kayo and Ov Pain",28
"The Ben Fiddis Trio",19
"Blow",4
"Mukul Jiwnani",13
"Don's Jazz Band | Live at Punters Club",38
"Acid Chess Club",15
"Acoustic Act",12
"Herrera, Luigi",14
"We, The Fools Release Show",26
"Moss Infestation at Bad Decisions Jan 17th 2025",47
"The Four Scoops (Front Bar)",27
"3-2-1",5
"Beans on Toast",14
"Antenna @ The Tote",18
"The Mark Fiztgibbon Trio",24
"Midnight Violet with Paraquay & Grevillea Hedge",47
"Wrestlerock",11
"The Pleaser LP Launch w/ Pleaser B2B Ed Kent",44
"Freya Josephine Hollick + Jules Sheldon",39
"KEYO'S FLYING CIRCUS + LAZER LIPS + W.O.M.B.A.T.",48
"Cass Aware take The Tote, With Jaded State and Star-Jock*",57
"HEAPS GRASS w/ Flora Carbo + Wybie",34
"Fairtrade Narcotics Reso Week 3",31
"Jaron Jay Live at The Evelyn",28
"DJ",2
"Teenage Dream 2010's Pop Party! ",32
"Harrisen Hughes",15
"IT'S A RAP - 2025 KICK OFF SHOW",31
"Shakewell & Fat Nick",20
"DJs",3
"Isolation â Mabel, Hasvat Informant, LOIF",43
"hyperoctane",11
"DJ Nomar Jr",11
"Drunk Mums with special guests Gnome | Live at Punters Club",59
"DOM BRINKLEY 'Australia' NAARM SINGLE LAUNCH",44
"Better Than The Wizards Double Single Launch",44
"FULL TONE GENERATOR ‘Return from Europe Show’ + THE DALLAS TERRORS",66
"Love Sensation | 12 hour full venue takeover at Punters Club",60
"Iggy Hard Launch",16
"Tam Vantage",11
"Woollen Kits + The Sprouts (Tape Launch)",40
"Sweetie & Friends | Rooftop Vinyl Sessions",42
"Empty DJ,Kintaro",16
"Acoustic solo",13
"Barkin' Blue",12
"Heretic Frequency presents Ransom Revue and Whisperhead",55
"Noasis",6
"UNBOUND: Celebration & Fundraiser",33
"The Pearlies @ The Gaso Upstairs",32
"Battle For Emmie!",17
"Garage Sale, Swapmeet, Freight & Es Muss Sein @ The Tote",56
"Green Mohair Suits | LIVE at Punters Club",41
"Keggin (EP Launch)",18
"BANG BANG BOOM @ THE TOTE",25
"DON'T THANK ME, SPANK ME + LORETTA MILLER BAND + ARABELLA & THE HEIST + DJ RICHIE 1250",86
"W.O.M.B.A.T with Handgrenade Hearts and False Animal",52
"Indented Heads (Single Launch) w/ All That’s Left Of You + Teeth Dreams",71
"The Pinstripes ft. Clover Blue and Stella Dunai",47
"Küntsquäd - 'Eat your Entrails' Single launch at the Bendi",58
"Resident DJ - Saturday",22
"Intermood w/ Krakatau and Friends @ The Night Cat",49
"DJ",2
"Saturday Night DJ",17
"The Amigos",10
"DJs",3
"Woody Samson",12
"Eat The Beat : Echo Of Eternity ft. Ophélie Mercury",51
"DJ Lewy C",9
"Barney McAll Non Compliance Trio",32
"DJ (Rooftop)",12
"Bluegrass BBQ",13
"The Punters | Every Sunday at Punters Club",42
"2nd Avenue with support from Ed Reed",36
"Kid James",9
"THE FUNK PUPPETS",16
"Stingo Blues",12
"Sunday DJs",10
"DJ Earl Grey (5 hr set)",23
"Grad Sessions II ft: Astral Collective, Jessie Liu, Kate Robinson, Hannah Vella, Sammy Murphy & The Heartstrings",112
"RATED TRIPLE A",14
"Soul Of Fitzroy | Rooftop Jazz & Soul Party | With Northside Records",68
"Black Jesus Experience",22
"The Tipplers (Front Bar)",24
"Domingo Latino - Sazón",22
"Josh Mills and Co. Single Launch w/ Flora & Crushed Lavender",60
"Tiny Moving Parts (USA - Australian Tour 2025)",46
"The Black Sistaz & Waka Viti ft Ropley & Matthieu Rabot",55
"SUGAR GUM + SLEDGE HAMMER HONEY + THE KNEWS",43
"S.C.R.E.W. Midsumma Carnival -- After Party",43
"Love Me Not w/ EMMA YUE + YES MORE WITCH",40
"Mya & Nathan",12
"SL*T POP RAVE, Midsumma After Party,",36
"NIEUW MONDAYS",13
"Jon Jones",9
"FREE ENTRY MORBID MONDAYS w/ WHELVE + AEROPSIA + 13 INCH JESUS",62
"Jasa - A Dynamic Intervention",29
"Make It Up Club",15
"RACOO + APRIL MAY TRIO + RICKY ALBECK",37
"Darcy Fox",9
"DJ Chrysalis - Touching Radio",29
"Cycad (Residency, Week #3)",26
"The Craig Fermanis Trio w/ special guest Toby Mak!",50
"DOLE NIGHT: Harrys Birthday w/ W.O.M.B.A.T & Leatherman",55
"Ishmael Ensemble Debut Australia Tour 2025",42
"Gwyn Ashton (UK/AU)",19
"Live Podcast with Joel Duscher, Jackson Baly and Ruby Innes",59
"FREE ENTRY KARAOKE WITH SEAN WHELAN",35
"Tejo D'Cruz",11